date,approve,disapprove,approveave,disapproveave
2021-01-23,58,32,53,36
2021-01-23,52,29,53,36
2021-01-23,52,29,53,36
2021-01-23,58,32,53,36
2021-01-24,54,30,53,36
2021-01-24,48,47,53,36
2021-01-24,48,47,53,36
2021-01-24,56,34,53,36
2021-01-24,53,29,53,36
2021-01-24,54,31,53,36
2021-01-24,54,30,53,36
2021-01-24,53,29,53,36
2021-01-25,57,36,55,37.3
2021-01-25,59,32,55,37.3
2021-01-25,53,30,55,37.3
2021-01-25,56,32,55,37.3
2021-01-25,53,30,55,37.3
2021-01-25,57,36,55,37.3
2021-01-25,48,47,55,37.3
2021-01-25,48,47,55,37.3
2021-01-25,59,32,55,37.3
2021-01-25,56,32,55,37.3
2021-01-26,48,48,54.8,37.5
2021-01-26,53,30,54.8,37.5
2021-01-26,55,33,54.8,37.5
2021-01-26,55,33,54.8,37.5
2021-01-26,58,32,54.8,37.5
2021-01-26,58,32,54.8,37.5
2021-01-26,48,48,54.8,37.5
2021-01-26,51,33,54.8,37.5
2021-01-26,53,30,54.8,37.5
2021-01-26,51,33,54.8,37.5
2021-01-26,52,36,54.8,37.5
2021-01-27,49,48,53.9,35.1
2021-01-27,49,35,53.9,35.1
2021-01-27,54,31,53.9,35.1
2021-01-27,49,35,53.9,35.1
2021-01-27,50,36,53.9,35.1
2021-01-27,49,48,53.9,35.1
2021-01-27,54,31,53.9,35.1
2021-01-28,50,45,54.2,34.7
2021-01-28,56,33,54.2,34.7
2021-01-28,56,33,54.2,34.7
2021-01-28,55,31.5,54.2,34.7
2021-01-28,55,31.5,54.2,34.7
2021-01-28,50,45,54.2,34.7
2021-01-29,56.1,36.4,54.3,34.6
2021-01-29,54,32,54.3,34.6
2021-01-29,54,32,54.3,34.6
2021-01-29,53,29,54.3,34.6
2021-01-29,61,39,54.3,34.6
2021-01-29,53,29,54.3,34.6
2021-01-29,58,29,54.3,34.6
2021-01-29,61,39,54.3,34.6
2021-01-29,56.1,36.4,54.3,34.6
2021-01-30,58,35,54.3,34.6
2021-01-30,55.3,33,54.3,34.6
2021-01-30,58,35,54.3,34.6
2021-01-30,55.3,33,54.3,34.6
2021-01-31,54,33,54.3,34.6
2021-01-31,49,46,54.3,34.6
2021-01-31,54,33,54.3,34.6
2021-01-31,49,46,54.3,34.6
2021-02-01,61,38,53.4,34
2021-02-01,49,36,53.4,34
2021-02-01,61,38,53.4,34
2021-02-01,58,35,53.4,34
2021-02-01,53,39,53.4,34
2021-02-01,57,33,53.4,34
2021-02-01,54,33,53.4,34
2021-02-01,57,33,53.4,34
2021-02-01,56,37,53.4,34
2021-02-01,51,45,53.4,34
2021-02-01,50,36,53.4,34
2021-02-01,49,36,53.4,34
2021-02-01,51,45,53.4,34
2021-02-01,53,39,53.4,34
2021-02-01,58,35,53.4,34
2021-02-01,54,33,53.4,34
2021-02-02,54,33,53.2,34.2
2021-02-02,57,37,53.2,34.2
2021-02-02,57,37,53.2,34.2
2021-02-02,46,38,53.2,34.2
2021-02-02,54,33,53.2,34.2
2021-02-02,51,47,53.2,34.2
2021-02-02,46,38,53.2,34.2
2021-02-02,50,40,53.2,34.2
2021-02-02,51,47,53.2,34.2
2021-02-03,54,33,52.7,35.2
2021-02-03,54,33,52.7,35.2
2021-02-03,52,46,52.7,35.2
2021-02-03,57,34,52.7,35.2
2021-02-03,49,39,52.7,35.2
2021-02-03,49,39,52.7,35.2
2021-02-03,52,46,52.7,35.2
2021-02-03,57,34,52.7,35.2
2021-02-04,54,34,53.8,35.8
2021-02-04,49,48,53.8,35.8
2021-02-04,49,48,53.8,35.8
2021-02-04,54,34,53.8,35.8
2021-02-05,54,34,53.2,36.3
2021-02-05,54,34,53.2,36.3
2021-02-06,60,32,53.2,36.3
2021-02-06,54,34,53.2,36.3
2021-02-06,54,34,53.2,36.3
2021-02-06,60,32,53.2,36.3
2021-02-07,50,47,53.2,36.3
2021-02-07,50,47,53.2,36.3
2021-02-07,59,35,53.2,36.3
2021-02-07,59,35,53.2,36.3
2021-02-07,55,33,53.2,36.3
2021-02-07,55,33,53.2,36.3
2021-02-08,51,46,53.1,36.7
2021-02-08,55,33,53.1,36.7
2021-02-08,51,46,53.1,36.7
2021-02-08,55,33,53.1,36.7
2021-02-08,61,39,53.1,36.7
2021-02-08,61,39,53.1,36.7
2021-02-09,50,37,54.5,36.9
2021-02-09,51,47,54.5,36.9
2021-02-09,53,40,54.5,36.9
2021-02-09,60,40,54.5,36.9
2021-02-09,55,33,54.5,36.9
2021-02-09,55,33,54.5,36.9
2021-02-09,50,37,54.5,36.9
2021-02-09,60,40,54.5,36.9
2021-02-09,51,47,54.5,36.9
2021-02-10,50,47,54.3,37.1
2021-02-10,55,33,54.3,37.1
2021-02-10,57,35,54.3,37.1
2021-02-10,50,47,54.3,37.1
2021-02-10,55,33,54.3,37.1
2021-02-10,57,35,54.3,37.1
2021-02-11,52,45,54.3,37.1
2021-02-11,55,33,54.3,37.1
2021-02-11,55,33,54.3,37.1
2021-02-11,52,45,54.3,37.1
2021-02-12,55,33,54.4,37.2
2021-02-12,55,33,54.4,37.2
2021-02-13,55,34,54.4,37.2
2021-02-13,57,35,54.4,37.2
2021-02-13,55,34,54.4,37.2
2021-02-13,57,35,54.4,37.2
2021-02-14,60.9,32.3,54.4,37.2
2021-02-14,54,34,54.4,37.2
2021-02-14,53,43,54.4,37.2
2021-02-14,54,34,54.4,37.2
2021-02-14,50,38,54.4,37.2
2021-02-14,52,38,54.4,37.2
2021-02-14,53,43,54.4,37.2
2021-02-14,50,38,54.4,37.2
2021-02-14,60.9,32.3,54.4,37.2
2021-02-15,62,33,54.6,37.3
2021-02-15,59,41,54.6,37.3
2021-02-15,56,38,54.6,37.3
2021-02-15,54,34,54.6,37.3
2021-02-15,56,38,54.6,37.3
2021-02-15,56,38,54.6,37.3
2021-02-15,59,41,54.6,37.3
2021-02-15,56,38,54.6,37.3
2021-02-15,56,34.5,54.6,37.3
2021-02-15,53,44,54.6,37.3
2021-02-15,56,34.5,54.6,37.3
2021-02-15,62,33,54.6,37.3
2021-02-15,54,34,54.6,37.3
2021-02-15,53,44,54.6,37.3
2021-02-16,50,47,54.8,37.4
2021-02-16,54,37,54.8,37.4
2021-02-16,54,37,54.8,37.4
2021-02-16,55,40,54.8,37.4
2021-02-16,50,47,54.8,37.4
2021-02-16,54,34,54.8,37.4
2021-02-16,54,34,54.8,37.4
2021-02-17,54,35,54.5,37.8
2021-02-17,54,35,54.5,37.8
2021-02-17,50,48,54.5,37.8
2021-02-17,50,48,54.5,37.8
2021-02-18,49,49,54.4,37.8
2021-02-18,51,42,54.4,37.8
2021-02-18,56,36,54.4,37.8
2021-02-18,56,40,54.4,37.8
2021-02-18,51,42,54.4,37.8
2021-02-18,56,36,54.4,37.8
2021-02-18,49,49,54.4,37.8
2021-02-18,54,35,54.4,37.8
2021-02-18,54,35,54.4,37.8
2021-02-18,56,40,54.4,37.8
2021-02-19,54,35,54.5,38.1
2021-02-19,54,35,54.5,38.1
2021-02-20,58,34,54.5,38.1
2021-02-20,56,37,54.5,38.1
2021-02-20,59,34,54.5,38.1
2021-02-20,54,35,54.5,38.1
2021-02-20,58,34,54.5,38.1
2021-02-20,54,35,54.5,38.1
2021-02-20,56,37,54.5,38.1
2021-02-21,58,42,54.5,38.1
2021-02-21,58,42,54.5,38.1
2021-02-21,54,35,54.5,38.1
2021-02-21,50,49,54.5,38.1
2021-02-21,54,35,54.5,38.1
2021-02-21,50,49,54.5,38.1
2021-02-21,57,33,54.5,38.1
2021-02-21,57,33,54.5,38.1
2021-02-22,51,36,54.7,38.1
2021-02-22,50,48,54.7,38.1
2021-02-22,58,36,54.7,38.1
2021-02-22,51,40,54.7,38.1
2021-02-22,50,48,54.7,38.1
2021-02-22,54,35,54.7,38.1
2021-02-22,58,36,54.7,38.1
2021-02-22,50,38,54.7,38.1
2021-02-22,51,36,54.7,38.1
2021-02-22,54,35,54.7,38.1
2021-02-22,50,38,54.7,38.1
2021-02-23,51.7,38,54.4,38
2021-02-23,54,35,54.4,38
2021-02-23,51.7,38,54.4,38
2021-02-23,54,35,54.4,38
2021-02-23,49,49,54.4,38
2021-02-23,49,49,54.4,38
2021-02-24,54,35,54.3,38.1
2021-02-24,51,38,54.3,38.1
2021-02-24,59,41,54.3,38.1
2021-02-24,50,48,54.3,38.1
2021-02-24,54,35,54.3,38.1
2021-02-24,51,38,54.3,38.1
2021-02-24,50,48,54.3,38.1
2021-02-24,59,41,54.3,38.1
2021-02-25,49,49,54.5,38.2
2021-02-25,49,49,54.5,38.2
2021-02-25,61,39,54.5,38.2
2021-02-25,57,37,54.5,38.2
2021-02-25,54,35,54.5,38.2
2021-02-25,54,35,54.5,38.2
2021-02-25,61,39,54.5,38.2
2021-02-25,57,37,54.5,38.2
2021-02-26,58,42,54.4,38.3
2021-02-26,58,42,54.4,38.3
2021-02-26,54,35,54.4,38.3
2021-02-26,54,35,54.4,38.3
2021-02-27,54,40,54.4,38.3
2021-02-27,54,35,54.4,38.3
2021-02-27,54,40,54.4,38.3
2021-02-27,53,30,54.4,38.3
2021-02-27,54,35,54.4,38.3
2021-02-27,47,43,54.4,38.3
2021-02-27,47,43,54.4,38.3
2021-02-27,57,32,54.4,38.3
2021-02-27,53,30,54.4,38.3
2021-02-28,55,40,54.4,38.3
2021-02-28,49,48,54.4,38.3
2021-02-28,49,48,54.4,38.3
2021-02-28,54,35,54.4,38.3
2021-02-28,54,35,54.4,38.3
2021-02-28,48,38,54.4,38.3
2021-02-28,55,40,54.4,38.3
2021-02-28,48,38,54.4,38.3
2021-03-01,60,40,53.9,37.1
2021-03-01,51,42,53.9,37.1
2021-03-01,50,48,53.9,37.1
2021-03-01,51,42,53.9,37.1
2021-03-01,53,41,53.9,37.1
2021-03-01,53,41,53.9,37.1
2021-03-01,50,48,53.9,37.1
2021-03-01,50,43,53.9,37.1
2021-03-01,60,40,53.9,37.1
2021-03-01,56,37,53.9,37.1
2021-03-01,57,37,53.9,37.1
2021-03-01,54,35,53.9,37.1
2021-03-01,54,35,53.9,37.1
2021-03-01,56,37,53.9,37.1
2021-03-01,57,37,53.9,37.1
2021-03-02,50,39,53.5,37.1
2021-03-02,54,36,53.5,37.1
2021-03-02,52,42,53.5,37.1
2021-03-02,50,39,53.5,37.1
2021-03-02,50,47,53.5,37.1
2021-03-02,54,36,53.5,37.1
2021-03-02,50,47,53.5,37.1
2021-03-03,54,36,52.9,38.3
2021-03-03,54,36,52.9,38.3
2021-03-03,49,48,52.9,38.3
2021-03-03,49,48,52.9,38.3
2021-03-04,49,49,53.1,38.3
2021-03-04,58,35,53.1,38.3
2021-03-04,49,49,53.1,38.3
2021-03-04,54,36,53.1,38.3
2021-03-04,58,35,53.1,38.3
2021-03-04,54,36,53.1,38.3
2021-03-05,54,36,53.6,38.6
2021-03-05,54,36,53.6,38.6
2021-03-06,53,39,53.6,38.6
2021-03-06,54,36,53.6,38.6
2021-03-06,54,36,53.6,38.6
2021-03-06,53,39,53.6,38.6
2021-03-07,53,39,53.6,38.6
2021-03-07,49,49,53.6,38.6
2021-03-07,53,39,53.6,38.6
2021-03-07,55,36,53.6,38.6
2021-03-07,54,42,53.6,38.6
2021-03-07,49,49,53.6,38.6
2021-03-07,55,36,53.6,38.6
2021-03-07,54,42,53.6,38.6
2021-03-08,56,36,53.4,38.8
2021-03-08,49,42,53.4,38.8
2021-03-08,50,48,53.4,38.8
2021-03-08,50,44,53.4,38.8
2021-03-08,55,36,53.4,38.8
2021-03-08,55,36,53.4,38.8
2021-03-08,51,41,53.4,38.8
2021-03-08,58,34,53.4,38.8
2021-03-08,48,43,53.4,38.8
2021-03-08,56,36,53.4,38.8
2021-03-08,51,41,53.4,38.8
2021-03-08,58,42,53.4,38.8
2021-03-08,59,37,53.4,38.8
2021-03-08,58,42,53.4,38.8
2021-03-08,56,37,53.4,38.8
2021-03-08,49,42,53.4,38.8
2021-03-08,58,34,53.4,38.8
2021-03-08,59,37,53.4,38.8
2021-03-08,50,48,53.4,38.8
2021-03-09,50,48,53.4,38.8
2021-03-09,50,40,53.4,38.8
2021-03-09,55,36,53.4,38.8
2021-03-09,55,36,53.4,38.8
2021-03-09,50,48,53.4,38.8
2021-03-09,50,40,53.4,38.8
2021-03-09,52,41,53.4,38.8
2021-03-10,50,47,53,39.3
2021-03-10,60,40,53,39.3
2021-03-10,55,36,53,39.3
2021-03-10,55,36,53,39.3
2021-03-10,60,40,53,39.3
2021-03-10,50,47,53,39.3
2021-03-11,55,36,53,40.3
2021-03-11,51,47,53,40.3
2021-03-11,54,39,53,40.3
2021-03-11,55,36,53,40.3
2021-03-11,54,39,53,40.3
2021-03-11,51,47,53,40.3
2021-03-12,55,36,53.2,40.3
2021-03-12,55,36,53.2,40.3
2021-03-13,56,35,53.2,40.3
2021-03-13,57,37,53.2,40.3
2021-03-13,56,35,53.2,40.3
2021-03-13,57,37,53.2,40.3
2021-03-13,62,38,53.2,40.3
2021-03-13,62,38,53.2,40.3
2021-03-14,56,35,54.1,40.1
2021-03-14,52,46,54.1,40.1
2021-03-14,56,35,54.1,40.1
2021-03-14,59,41,54.1,40.1
2021-03-14,52,46,54.1,40.1
2021-03-14,59,41,54.1,40.1
2021-03-15,54,42,53.8,40.2
2021-03-15,55,36,53.8,40.2
2021-03-15,56,40,53.8,40.2
2021-03-15,55,36,53.8,40.2
2021-03-15,51,47,53.8,40.2
2021-03-15,62,34,53.8,40.2
2021-03-15,56,40,53.8,40.2
2021-03-15,51,47,53.8,40.2
2021-03-15,54,42,53.8,40.2
2021-03-15,62,34,53.8,40.2
2021-03-16,52,46,53.9,40.1
2021-03-16,56,35,53.9,40.1
2021-03-16,56,35,53.9,40.1
2021-03-16,51,44,53.9,40.1
2021-03-16,51,44,53.9,40.1
2021-03-16,52,46,53.9,40.1
2021-03-17,55,41,53.6,40.3
2021-03-17,56,35,53.6,40.3
2021-03-17,53,37,53.6,40.3
2021-03-17,53,37,53.6,40.3
2021-03-17,51,47,53.6,40.3
2021-03-17,51,47,53.6,40.3
2021-03-17,56,35,53.6,40.3
2021-03-18,56,35,54,40
2021-03-18,52,48,54,40
2021-03-18,56,35,54,40
2021-03-18,52,48,54,40
2021-03-18,59,35,54,40
2021-03-18,59,35,54,40
2021-03-19,60,33,54.3,39.9
2021-03-19,56,35,54.3,39.9
2021-03-19,60,33,54.3,39.9
2021-03-19,56,35,54.3,39.9
2021-03-20,56,35,54.3,39.9
2021-03-20,56,35,54.3,39.9
2021-03-20,60,34,54.3,39.9
2021-03-20,60,34,54.3,39.9
2021-03-20,60,34,54.3,39.9
2021-03-20,60,34,54.3,39.9
2021-03-20,60,34,54.3,39.9
2021-03-21,55,36,54.3,39.9
2021-03-21,49,49,54.3,39.9
2021-03-21,51,44,54.3,39.9
2021-03-21,49,49,54.3,39.9
2021-03-21,51,44,54.3,39.9
2021-03-21,55,36,54.3,39.9
2021-03-22,56,36,55.1,39.1
2021-03-22,58.5,35,55.1,39.1
2021-03-22,53,35,55.1,39.1
2021-03-22,56,37,55.1,39.1
2021-03-22,60,40,55.1,39.1
2021-03-22,56,37,55.1,39.1
2021-03-22,48,50,55.1,39.1
2021-03-22,56,36,55.1,39.1
2021-03-22,54,40,55.1,39.1
2021-03-22,57,40,55.1,39.1
2021-03-22,53,35,55.1,39.1
2021-03-22,48,50,55.1,39.1
2021-03-22,58.5,35,55.1,39.1
2021-03-22,54,40,55.1,39.1
2021-03-22,60,40,55.1,39.1
2021-03-22,57,40,55.1,39.1
2021-03-23,48,50,55,39.2
2021-03-23,55,36,55,39.2
2021-03-23,55,36,55,39.2
2021-03-23,48,50,55,39.2
2021-03-23,51,43,55,39.2
2021-03-23,50,41,55,39.2
2021-03-23,50,41,55,39.2
2021-03-24,47,51,54.4,39.8
2021-03-24,55,36,54.4,39.8
2021-03-24,55,36,54.4,39.8
2021-03-24,47,51,54.4,39.8
2021-03-25,52,41,54,39.7
2021-03-25,48,51,54,39.7
2021-03-25,52,40,54,39.7
2021-03-25,61,39,54,39.7
2021-03-25,53,41,54,39.7
2021-03-25,53,41,54,39.7
2021-03-25,56,36,54,39.7
2021-03-25,56,36,54,39.7
2021-03-25,53,36,54,39.7
2021-03-25,61,39,54,39.7
2021-03-25,53,36,54,39.7
2021-03-25,48,51,54,39.7
2021-03-25,52,40,54,39.7
2021-03-26,55,36,54,39.7
2021-03-26,56,42,54,39.7
2021-03-26,61,39,54,39.7
2021-03-26,57,36.5,54,39.7
2021-03-26,56,42,54,39.7
2021-03-26,57,36.5,54,39.7
2021-03-26,61,39,54,39.7
2021-03-26,55,36,54,39.7
2021-03-27,55,36,54,39.7
2021-03-27,55,36,54,39.7
2021-03-28,57,36,54,39.7
2021-03-28,49,50,54,39.7
2021-03-28,54,36,54,39.7
2021-03-28,49,50,54,39.7
2021-03-28,57,36,54,39.7
2021-03-28,54,36,54,39.7
2021-03-29,54,36,54.1,39.4
2021-03-29,54,43,54.1,39.4
2021-03-29,48,50,54.1,39.4
2021-03-29,58,39,54.1,39.4
2021-03-29,55,38,54.1,39.4
2021-03-29,61,38,54.1,39.4
2021-03-29,58,39,54.1,39.4
2021-03-29,55,38,54.1,39.4
2021-03-29,48,50,54.1,39.4
2021-03-29,55,41,54.1,39.4
2021-03-29,54,43,54.1,39.4
2021-03-29,54,36,54.1,39.4
2021-03-29,55,41,54.1,39.4
2021-03-29,61,38,54.1,39.4
2021-03-30,49,49,53.9,39.5
2021-03-30,50,43,53.9,39.5
2021-03-30,49,49,53.9,39.5
2021-03-30,48,40,53.9,39.5
2021-03-30,48,40,53.9,39.5
2021-03-30,54,36,53.9,39.5
2021-03-30,54,36,53.9,39.5
2021-03-31,48,50,54.1,39.5
2021-03-31,48,50,54.1,39.5
2021-03-31,54,36,54.1,39.5
2021-03-31,54,36,54.1,39.5
2021-04-01,54,36,53.8,39.4
2021-04-01,48,50,53.8,39.4
2021-04-01,54,41,53.8,39.4
2021-04-01,54,36,53.8,39.4
2021-04-01,54,41,53.8,39.4
2021-04-01,48,50,53.8,39.4
2021-04-02,54,36,53.9,39.8
2021-04-02,57,36,53.9,39.8
2021-04-02,54,36,53.9,39.8
2021-04-02,57,36,53.9,39.8
2021-04-03,53,33,53.9,39.9
2021-04-03,54,36,53.9,39.9
2021-04-03,54,36,53.9,39.9
2021-04-03,53,33,53.9,39.9
2021-04-03,59,34,53.9,39.9
2021-04-04,47,51,53.9,39.9
2021-04-04,55,36,53.9,39.9
2021-04-04,54,39,53.9,39.9
2021-04-04,55,36,53.9,39.9
2021-04-04,57,37,53.9,39.9
2021-04-04,54,39,53.9,39.9
2021-04-04,59,37,53.9,39.9
2021-04-04,47,51,53.9,39.9
2021-04-04,57,37,53.9,39.9
2021-04-05,55,36,53.7,39.5
2021-04-05,47,51,53.7,39.5
2021-04-05,47,51,53.7,39.5
2021-04-05,61,39,53.7,39.5
2021-04-05,55,36,53.7,39.5
2021-04-05,61,39,53.7,39.5
2021-04-06,55,36,53.6,39.6
2021-04-06,49,41,53.6,39.6
2021-04-06,55,36,53.6,39.6
2021-04-06,52,42,53.6,39.6
2021-04-06,49,50,53.6,39.6
2021-04-06,49,50,53.6,39.6
2021-04-06,49,41,53.6,39.6
2021-04-07,51,48,53.1,40
2021-04-07,55,36,53.1,40
2021-04-07,55,36,53.1,40
2021-04-07,51,48,53.1,40
2021-04-08,55,36,53.3,39.7
2021-04-08,50,48,53.3,39.7
2021-04-08,52,38,53.3,39.7
2021-04-08,50,48,53.3,39.7
2021-04-08,52,38,53.3,39.7
2021-04-08,56,37,53.3,39.7
2021-04-08,56,37,53.3,39.7
2021-04-08,55,36,53.3,39.7
2021-04-09,55,36,53.6,39.6
2021-04-09,55,36,53.6,39.6
2021-04-10,55,36,53.6,39.6
2021-04-10,55,36,53.6,39.6
2021-04-11,59,39,53.6,39.6
2021-04-11,54,37,53.6,39.6
2021-04-11,59,39,53.6,39.6
2021-04-11,47,41,53.6,39.6
2021-04-11,54,35,53.6,39.6
2021-04-11,54,37,53.6,39.6
2021-04-11,50,48,53.6,39.6
2021-04-11,47,41,53.6,39.6
2021-04-11,50,48,53.6,39.6
2021-04-11,54,35,53.6,39.6
2021-04-12,50,42,53.6,39.5
2021-04-12,50,48,53.6,39.5
2021-04-12,55,36,53.6,39.5
2021-04-12,48,42,53.6,39.5
2021-04-12,55,42,53.6,39.5
2021-04-12,54,41,53.6,39.5
2021-04-12,50,48,53.6,39.5
2021-04-12,55,36,53.6,39.5
2021-04-12,59,37,53.6,39.5
2021-04-12,54,41,53.6,39.5
2021-04-12,53,43,53.6,39.5
2021-04-12,48,42,53.6,39.5
2021-04-12,48,47,53.6,39.5
2021-04-12,48,47,53.6,39.5
2021-04-12,55,42,53.6,39.5
2021-04-12,59,37,53.6,39.5
2021-04-13,53,39,53.6,39.5
2021-04-13,53,39,53.6,39.5
2021-04-13,57.5,40.5,53.6,39.5
2021-04-13,61,39,53.6,39.5
2021-04-13,50,48,53.6,39.5
2021-04-13,55,36,53.6,39.5
2021-04-13,55,36,53.6,39.5
2021-04-13,61,39,53.6,39.5
2021-04-13,57.5,40.5,53.6,39.5
2021-04-13,49,42,53.6,39.5
2021-04-13,50,48,53.6,39.5
2021-04-13,49,42,53.6,39.5
2021-04-13,51,43,53.6,39.5
2021-04-13,52,41,53.6,39.5
2021-04-14,54,37,52.5,40.9
2021-04-14,50,48,52.5,40.9
2021-04-14,54,37,52.5,40.9
2021-04-14,50,48,52.5,40.9
2021-04-15,49,49,52.8,40.8
2021-04-15,54,37,52.8,40.8
2021-04-15,54,37,52.8,40.8
2021-04-15,49,49,52.8,40.8
2021-04-15,54,38,52.8,40.8
2021-04-15,54,38,52.8,40.8
2021-04-16,55,37,53.2,40.6
2021-04-16,55,37,53.2,40.6
2021-04-16,55,40,53.2,40.6
2021-04-16,55,40,53.2,40.6
2021-04-16,55,40,53.2,40.6
2021-04-16,55,40,53.2,40.6
2021-04-17,54,37,53.2,40.6
2021-04-17,54,37,53.2,40.6
2021-04-18,57,43,53.2,40.6
2021-04-18,54,37,53.2,40.6
2021-04-18,50,48,53.2,40.6
2021-04-18,57,43,53.2,40.6
2021-04-18,50,48,53.2,40.6
2021-04-18,54,37,53.2,40.6
2021-04-19,57,36,53.3,40.6
2021-04-19,50,49,53.3,40.6
2021-04-19,61,39,53.3,40.6
2021-04-19,50,49,53.3,40.6
2021-04-19,61,39,53.3,40.6
2021-04-19,54,38,53.3,40.6
2021-04-19,58,35,53.3,40.6
2021-04-19,58,38,53.3,40.6
2021-04-19,54,38,53.3,40.6
2021-04-19,58,35,53.3,40.6
2021-04-19,57,36,53.3,40.6
2021-04-20,49,38,53.5,40.6
2021-04-20,51,49,53.5,40.6
2021-04-20,51,49,53.5,40.6
2021-04-20,49,38,53.5,40.6
2021-04-20,53,39,53.5,40.6
2021-04-20,53,38,53.5,40.6
2021-04-20,50,48,53.5,40.6
2021-04-20,53,38,53.5,40.6
2021-04-20,51,43,53.5,40.6
2021-04-20,59,35,53.5,40.6
2021-04-20,51,42,53.5,40.6
2021-04-20,59,35,53.5,40.6
2021-04-20,50,48,53.5,40.6
2021-04-20,59,35,53.5,40.6
2021-04-20,53,39,53.5,40.6
2021-04-21,57,40,53.4,40.1
2021-04-21,54,43,53.4,40.1
2021-04-21,54,44,53.4,40.1
2021-04-21,57,40,53.4,40.1
2021-04-21,54,37,53.4,40.1
2021-04-21,54,44,53.4,40.1
2021-04-21,50,49,53.4,40.1
2021-04-21,52.2,42.1,53.4,40.1
2021-04-21,54,44,53.4,40.1
2021-04-21,50,49,53.4,40.1
2021-04-21,54,37,53.4,40.1
2021-04-21,52.2,42.1,53.4,40.1
2021-04-21,54,43,53.4,40.1
2021-04-22,54,37,53.3,40.2
2021-04-22,54,39,53.3,40.2
2021-04-22,54,39,53.3,40.2
2021-04-22,52,46,53.3,40.2
2021-04-22,54,37,53.3,40.2
2021-04-22,58,35,53.3,40.2
2021-04-22,52,46,53.3,40.2
2021-04-22,58,35,53.3,40.2
2021-04-23,54,37,53.8,39.9
2021-04-23,54,37,53.8,39.9
2021-04-23,54,43,53.8,39.9
2021-04-23,54,43,53.8,39.9
2021-04-23,51,44,53.8,39.9
2021-04-23,51,44,53.8,39.9
2021-04-24,58,42,53.8,39.9
2021-04-24,58,42,53.8,39.9
2021-04-24,54,37,53.8,39.9
2021-04-24,54,37,53.8,39.9
2021-04-25,57,37,54.5,40.6
2021-04-25,51,47,54.5,40.6
2021-04-25,51,47,54.5,40.6
2021-04-25,53,42,54.5,40.6
2021-04-25,54,36,54.5,40.6
2021-04-25,57,37,54.5,40.6
2021-04-25,51,39,54.5,40.6
2021-04-25,53,42,54.5,40.6
2021-04-25,51,39,54.5,40.6
2021-04-25,54,36,54.5,40.6
2021-04-26,60,37,54.5,40.9
2021-04-26,55,36,54.5,40.9
2021-04-26,53,44,54.5,40.9
2021-04-26,57,39,54.5,40.9
2021-04-26,53,43,54.5,40.9
2021-04-26,50,48,54.5,40.9
2021-04-26,60,37,54.5,40.9
2021-04-26,55,36,54.5,40.9
2021-04-26,50,48,54.5,40.9
2021-04-26,53,43,54.5,40.9
2021-04-26,57,39,54.5,40.9
2021-04-26,52,45,54.5,40.9
2021-04-26,53,44,54.5,40.9
2021-04-27,48,50,54.4,41.3
2021-04-27,52,41,54.4,41.3
2021-04-27,55,36,54.4,41.3
2021-04-27,51,39,54.4,41.3
2021-04-27,55,36,54.4,41.3
2021-04-27,48,50,54.4,41.3
2021-04-27,57,36,54.4,41.3
2021-04-27,51,39,54.4,41.3
2021-04-27,57,36,54.4,41.3
2021-04-28,48,50,54,41.7
2021-04-28,55,36,54,41.7
2021-04-28,55,36,54,41.7
2021-04-28,60,33,54,41.7
2021-04-28,55,38,54,41.7
2021-04-28,60,40,54,41.7
2021-04-28,60,33,54,41.7
2021-04-28,48,50,54,41.7
2021-04-28,60,40,54,41.7
2021-04-28,55,38,54,41.7
2021-04-29,59.5,39,53.8,41.5
2021-04-29,54,37,53.8,41.5
2021-04-29,55,36,53.8,41.5
2021-04-29,54,37,53.8,41.5
2021-04-29,55,36,53.8,41.5
2021-04-29,47,51,53.8,41.5
2021-04-29,59.5,39,53.8,41.5
2021-04-29,47,51,53.8,41.5
2021-04-30,55,36,53.9,41.4
2021-04-30,55,36,53.9,41.4
2021-04-30,51,32,53.9,41.4
2021-04-30,51,32,53.9,41.4
2021-04-30,55,35,53.9,41.4
2021-05-01,56,36,54,41.1
2021-05-01,56,36,54,41.1
2021-05-02,48,49,54,41.1
2021-05-02,55,38,54,41.1
2021-05-02,56,36,54,41.1
2021-05-02,48,49,54,41.1
2021-05-02,53,39,54,41.1
2021-05-02,53,39,54,41.1
2021-05-02,55,38,54,41.1
2021-05-02,56,36,54,41.1
2021-05-03,63,36,53.5,40
2021-05-03,49,49,53.5,40
2021-05-03,63,36,53.5,40
2021-05-03,57,36,53.5,40
2021-05-03,56,36,53.5,40
2021-05-03,57,36,53.5,40
2021-05-03,57,38,53.5,40
2021-05-03,55,37,53.5,40
2021-05-03,55,37,53.5,40
2021-05-03,49,49,53.5,40
2021-05-03,56,36,53.5,40
2021-05-04,60,40,53.5,40
2021-05-04,56,36,53.5,40
2021-05-04,48,42,53.5,40
2021-05-04,49,46,53.5,40
2021-05-04,48,42,53.5,40
2021-05-04,60,40,53.5,40
2021-05-04,50,47,53.5,40
2021-05-04,56,36,53.5,40
2021-05-04,50,47,53.5,40
2021-05-05,55,38,53.3,40.1
2021-05-05,56,36,53.3,40.1
2021-05-05,55,38,53.3,40.1
2021-05-05,51,47,53.3,40.1
2021-05-05,56,36,53.3,40.1
2021-05-05,51,47,53.3,40.1
2021-05-06,48.3,47.5,53.4,40
2021-05-06,56,36,53.4,40
2021-05-06,51,47,53.4,40
2021-05-06,56,36,53.4,40
2021-05-06,51,47,53.4,40
2021-05-06,56,38,53.4,40
2021-05-06,48.3,47.5,53.4,40
2021-05-06,56,38,53.4,40
2021-05-07,53,41,53.5,40.1
2021-05-07,56,36,53.5,40.1
2021-05-07,53,41,53.5,40.1
2021-05-07,56,36,53.5,40.1
2021-05-07,53,42,53.5,40.1
2021-05-08,55,36,53.5,40.1
2021-05-08,55,36,53.5,40.1
2021-05-09,55,36,53.5,40.1
2021-05-09,50,48,53.5,40.1
2021-05-09,55,39,53.5,40.1
2021-05-09,50,48,53.5,40.1
2021-05-09,55,39,53.5,40.1
2021-05-09,52,38,53.5,40.1
2021-05-09,55,36,53.5,40.1
2021-05-09,55,39,53.5,40.1
2021-05-09,52,36,53.5,40.1
2021-05-09,56,40,53.5,40.1
2021-05-09,55,39,53.5,40.1
2021-05-09,52,36,53.5,40.1
2021-05-09,52,38,53.5,40.1
2021-05-10,50,48,54.1,39.7
2021-05-10,55,37,54.1,39.7
2021-05-10,55,41,54.1,39.7
2021-05-10,50,48,54.1,39.7
2021-05-10,55,41,54.1,39.7
2021-05-10,55,37,54.1,39.7
2021-05-11,52,44,54,39.6
2021-05-11,55,37,54,39.6
2021-05-11,48,50,54,39.6
2021-05-11,48,46,54,39.6
2021-05-11,48,50,54,39.6
2021-05-11,51,39,54,39.6
2021-05-11,51,39,54,39.6
2021-05-11,48,46,54,39.6
2021-05-11,55,37,54,39.6
2021-05-12,55,37,52.8,40.9
2021-05-12,50,48,52.8,40.9
2021-05-12,50,48,52.8,40.9
2021-05-12,56,38,52.8,40.9
2021-05-12,55,37,52.8,40.9
2021-05-12,56,38,52.8,40.9
2021-05-13,49,50,52.9,40.8
2021-05-13,49,40,52.9,40.8
2021-05-13,49,40,52.9,40.8
2021-05-13,54,37,52.9,40.8
2021-05-13,54,37,52.9,40.8
2021-05-13,49,50,52.9,40.8
2021-05-14,54,37,52.8,40.7
2021-05-14,54,37,52.8,40.7
2021-05-15,56,38.5,52.8,40.7
2021-05-15,54,37,52.8,40.7
2021-05-15,56,38.5,52.8,40.7
2021-05-15,54,37,52.8,40.7
2021-05-16,56,36,52.8,40.7
2021-05-16,56,36,52.8,40.7
2021-05-16,54,37,52.8,40.7
2021-05-16,54,37,52.8,40.7
2021-05-16,51,48,52.8,40.7
2021-05-16,51,48,52.8,40.7
2021-05-17,56,42,52.8,40.7
2021-05-17,54,37,52.8,40.7
2021-05-17,56,42,52.8,40.7
2021-05-17,56,38,52.8,40.7
2021-05-17,54,42,52.8,40.7
2021-05-17,54,37,52.8,40.7
2021-05-17,54,42,52.8,40.7
2021-05-17,50,48,52.8,40.7
2021-05-17,56,38,52.8,40.7
2021-05-17,50,48,52.8,40.7
2021-05-18,54,40,52.7,40.7
2021-05-18,54,40,52.7,40.7
2021-05-18,54,38,52.7,40.7
2021-05-18,51,48,52.7,40.7
2021-05-18,51,41,52.7,40.7
2021-05-18,51,41,52.7,40.7
2021-05-18,56,43,52.7,40.7
2021-05-18,54,38,52.7,40.7
2021-05-18,51,48,52.7,40.7
2021-05-18,51,43,52.7,40.7
2021-05-18,56,43,52.7,40.7
2021-05-19,52,46,52.9,41.1
2021-05-19,57,38,52.9,41.1
2021-05-19,60,40,52.9,41.1
2021-05-19,54,38,52.9,41.1
2021-05-19,60,40,52.9,41.1
2021-05-19,57,38,52.9,41.1
2021-05-19,54,38,52.9,41.1
2021-05-19,52,46,52.9,41.1
2021-05-20,57,37,52.9,40.9
2021-05-20,56,39,52.9,40.9
2021-05-20,61.5,37,52.9,40.9
2021-05-20,52,46,52.9,40.9
2021-05-20,59,40,52.9,40.9
2021-05-20,52,46,52.9,40.9
2021-05-20,59,38,52.9,40.9
2021-05-20,59,40,52.9,40.9
2021-05-20,54,38,52.9,40.9
2021-05-20,56,39,52.9,40.9
2021-05-20,59,38,52.9,40.9
2021-05-20,57,37,52.9,40.9
2021-05-20,57,37,52.9,40.9
2021-05-20,54,38,52.9,40.9
2021-05-20,61.5,37,52.9,40.9
2021-05-21,54,38,54.2,40.5
2021-05-21,54,38,54.2,40.5
2021-05-22,54,39,54.2,40.5
2021-05-22,56,38,54.2,40.5
2021-05-22,56,38,54.2,40.5
2021-05-22,54,39,54.2,40.5
2021-05-23,51,38,54.2,40.5
2021-05-23,54,43,54.2,40.5
2021-05-23,54,43,54.2,40.5
2021-05-23,54,39,54.2,40.5
2021-05-23,51,38,54.2,40.5
2021-05-23,54,39,54.2,40.5
2021-05-24,53,44,54.3,40.3
2021-05-24,55,40,54.3,40.3
2021-05-24,55,41,54.3,40.3
2021-05-24,49,41,54.3,40.3
2021-05-24,55,40,54.3,40.3
2021-05-24,49,41,54.3,40.3
2021-05-24,49,42,54.3,40.3
2021-05-24,54,39,54.3,40.3
2021-05-24,54,44,54.3,40.3
2021-05-24,53,44,54.3,40.3
2021-05-24,54,39,54.3,40.3
2021-05-24,54,39,54.3,40.3
2021-05-24,54,39,54.3,40.3
2021-05-24,54,44,54.3,40.3
2021-05-25,54,42,54.7,40.2
2021-05-25,55,43,54.7,40.2
2021-05-25,55,43,54.7,40.2
2021-05-25,52,42,54.7,40.2
2021-05-25,54,38,54.7,40.2
2021-05-25,54,38,54.7,40.2
2021-05-25,54,42,54.7,40.2
2021-05-25,52,39,54.7,40.2
2021-05-25,52,39,54.7,40.2
2021-05-26,53,45,54.3,40.3
2021-05-26,54,38,54.3,40.3
2021-05-26,54,38,54.3,40.3
2021-05-26,51,42,54.3,40.3
2021-05-26,51,42,54.3,40.3
2021-05-26,49,41,54.3,40.3
2021-05-26,49,41,54.3,40.3
2021-05-26,53,45,54.3,40.3
2021-05-27,55,43,53.9,40.7
2021-05-27,55,43,53.9,40.7
2021-05-27,54,38,53.9,40.7
2021-05-27,52,44,53.9,40.7
2021-05-27,60,37,53.9,40.7
2021-05-27,54,38,53.9,40.7
2021-05-27,60,37,53.9,40.7
2021-05-27,52,44,53.9,40.7
2021-05-28,53,32,53.6,40.8
2021-05-28,54,38,53.6,40.8
2021-05-28,53,32,53.6,40.8
2021-05-28,54,38,53.6,40.8
2021-05-28,59,32,53.6,40.8
2021-05-29,56,37,53.6,40.8
2021-05-29,56,37,53.6,40.8
2021-05-29,54,38,53.6,40.8
2021-05-29,54,38,53.6,40.8
2021-05-30,54,38,53.6,40.8
2021-05-30,53,45,53.6,40.8
2021-05-30,53,45,53.6,40.8
2021-05-30,54,38,53.6,40.8
2021-05-31,53,45,53.6,40.8
2021-05-31,54,38,53.6,40.8
2021-05-31,54,38,53.6,40.8
2021-05-31,53,45,53.6,40.8
2021-06-01,61,39,53.7,39.8
2021-06-01,51,48,53.7,39.8
2021-06-01,51,48,53.7,39.8
2021-06-01,53,38,53.7,39.8
2021-06-01,50,40,53.7,39.8
2021-06-01,61,39,53.7,39.8
2021-06-01,50,43,53.7,39.8
2021-06-01,53,38,53.7,39.8
2021-06-01,50,40,53.7,39.8
2021-06-02,53,38,53.4,40.1
2021-06-02,50,49,53.4,40.1
2021-06-02,53,38,53.4,40.1
2021-06-02,50,49,53.4,40.1
2021-06-03,54,42,53.2,40.5
2021-06-03,53,38,53.2,40.5
2021-06-03,49,49,53.2,40.5
2021-06-03,49,49,53.2,40.5
2021-06-03,54,42,53.2,40.5
2021-06-03,53,38,53.2,40.5
2021-06-04,53,39,53.4,40.4
2021-06-04,53,39,53.4,40.4
2021-06-05,53,39,53.4,40.4
2021-06-05,55,39,53.4,40.4
2021-06-05,50,42,53.4,40.4
2021-06-05,53,39,53.4,40.4
2021-06-05,55,39,53.4,40.4
2021-06-05,50,42,53.4,40.4
2021-06-06,53,39,53.4,40.4
2021-06-06,48,49,53.4,40.4
2021-06-06,53,39,53.4,40.4
2021-06-06,48,49,53.4,40.4
2021-06-06,51,38,53.4,40.4
2021-06-06,51,38,53.4,40.4
2021-06-07,55,42,53.3,40.4
2021-06-07,54,41,53.3,40.4
2021-06-07,53,39,53.3,40.4
2021-06-07,54,40,53.3,40.4
2021-06-07,54,40,53.3,40.4
2021-06-07,54,41,53.3,40.4
2021-06-07,49,49,53.3,40.4
2021-06-07,53,39,53.3,40.4
2021-06-07,49,49,53.3,40.4
2021-06-07,52,43,53.3,40.4
2021-06-07,52,43,53.3,40.4
2021-06-08,52,39,53.1,40.5
2021-06-08,51,41,53.1,40.5
2021-06-08,51,41,53.1,40.5
2021-06-08,50,40,53.1,40.5
2021-06-08,51,48,53.1,40.5
2021-06-08,50,40,53.1,40.5
2021-06-08,51,43,53.1,40.5
2021-06-08,51,48,53.1,40.5
2021-06-08,52,39,53.1,40.5
2021-06-09,52,47,53.1,40.6
2021-06-09,52,39,53.1,40.6
2021-06-09,52,39,53.1,40.6
2021-06-09,61,39,53.1,40.6
2021-06-09,52,47,53.1,40.6
2021-06-09,61,39,53.1,40.6
2021-06-10,52,39,53,40.6
2021-06-10,52,45,53,40.6
2021-06-10,52,39,53,40.6
2021-06-10,52,45,53,40.6
2021-06-10,49,49,53,40.6
2021-06-10,49,49,53,40.6
2021-06-10,55,40,53,40.6
2021-06-10,55,40,53,40.6
2021-06-10,54,38,53,40.6
2021-06-10,54,38,53,40.6
2021-06-11,53,39,53.2,40.7
2021-06-11,53,39,53.2,40.7
2021-06-12,53,39,53.2,40.7
2021-06-12,53,39,53.2,40.7
2021-06-13,53,44,53.2,40.7
2021-06-13,49,50,53.2,40.7
2021-06-13,53,44,53.2,40.7
2021-06-13,53,39,53.2,40.7
2021-06-13,49,50,53.2,40.7
2021-06-13,53,39,53.2,40.7
2021-06-14,55,44,53.1,40.8
2021-06-14,52,39,53.1,40.8
2021-06-14,49,49,53.1,40.8
2021-06-14,52,39,53.1,40.8
2021-06-14,48,43,53.1,40.8
2021-06-14,48,43,53.1,40.8
2021-06-14,49,49,53.1,40.8
2021-06-14,52,44,53.1,40.8
2021-06-14,49,43,53.1,40.8
2021-06-14,55,44,53.1,40.8
2021-06-14,52,44,53.1,40.8
2021-06-15,53,39,53,41.2
2021-06-15,53,42,53,41.2
2021-06-15,50,48,53,41.2
2021-06-15,53,39,53,41.2
2021-06-15,56,39,53,41.2
2021-06-15,50,48,53,41.2
2021-06-15,48,45,53,41.2
2021-06-15,48,43,53,41.2
2021-06-15,53,42,53,41.2
2021-06-15,48,43,53,41.2
2021-06-15,56,39,53,41.2
2021-06-16,50,48,51.9,42
2021-06-16,53,39,51.9,42
2021-06-16,50,48,51.9,42
2021-06-16,53,39,51.9,42
2021-06-17,55,41,51.7,42.5
2021-06-17,59,34,51.7,42.5
2021-06-17,51,48,51.7,42.5
2021-06-17,52,42,51.7,42.5
2021-06-17,53,39,51.7,42.5
2021-06-17,55,41,51.7,42.5
2021-06-17,59,34,51.7,42.5
2021-06-17,53,39,51.7,42.5
2021-06-17,51,48,51.7,42.5
2021-06-17,52,42,51.7,42.5
2021-06-18,56,42,51.8,42.4
2021-06-18,53,39,51.8,42.4
2021-06-18,53,39,51.8,42.4
2021-06-18,56,42,51.8,42.4
2021-06-19,53,39,51.8,42.4
2021-06-19,56,38,51.8,42.4
2021-06-19,47.9,40.9,51.8,42.4
2021-06-19,53,39,51.8,42.4
2021-06-19,47.9,40.9,51.8,42.4
2021-06-19,56,38,51.8,42.4
2021-06-20,53,38,51.8,42.4
2021-06-20,53,38,51.8,42.4
2021-06-20,52,43,51.8,42.4
2021-06-20,54,43,51.8,42.4
2021-06-20,55,44,51.8,42.4
2021-06-20,52,43,51.8,42.4
2021-06-20,58,40,51.8,42.4
2021-06-20,49,40,51.8,42.4
2021-06-20,58,40,51.8,42.4
2021-06-20,49,40,51.8,42.4
2021-06-20,52,46,51.8,42.4
2021-06-20,52,46,51.8,42.4
2021-06-20,54,43,51.8,42.4
2021-06-20,52,43,51.8,42.4
2021-06-20,55,44,51.8,42.4
2021-06-21,54,38,51.7,42.6
2021-06-21,51,47,51.7,42.6
2021-06-21,51,47,51.7,42.6
2021-06-21,57,43,51.7,42.6
2021-06-21,57,43,51.7,42.6
2021-06-21,54,38,51.7,42.6
2021-06-22,54,39,51.8,42.6
2021-06-22,52,44,51.8,42.6
2021-06-22,50,40,51.8,42.6
2021-06-22,54,39,51.8,42.6
2021-06-22,52,46,51.8,42.6
2021-06-22,52,46,51.8,42.6
2021-06-22,55,42,51.8,42.6
2021-06-22,55,42,51.8,42.6
2021-06-22,56,43,51.8,42.6
2021-06-22,56,43,51.8,42.6
2021-06-22,50,40,51.8,42.6
2021-06-23,51,46.7,52.3,42.4
2021-06-23,51,47,52.3,42.4
2021-06-23,53,39,52.3,42.4
2021-06-23,58,38,52.3,42.4
2021-06-23,51,46.7,52.3,42.4
2021-06-23,51,47,52.3,42.4
2021-06-23,53,39,52.3,42.4
2021-06-23,58,38,52.3,42.4
2021-06-24,58,38,52.6,42.1
2021-06-24,58,38,52.6,42.1
2021-06-24,53,39,52.6,42.1
2021-06-24,51,47,52.6,42.1
2021-06-24,51,47,52.6,42.1
2021-06-24,50,43,52.6,42.1
2021-06-24,53,40,52.6,42.1
2021-06-24,50,43,52.6,42.1
2021-06-24,53,40,52.6,42.1
2021-06-24,53,39,52.6,42.1
2021-06-25,53,39,52.7,42.1
2021-06-25,53,39,52.7,42.1
2021-06-26,53,39,52.7,41.8
2021-06-26,53,39,52.7,41.8
2021-06-27,53,39,52.7,41.8
2021-06-27,49,49,52.7,41.8
2021-06-27,49,49,52.7,41.8
2021-06-27,53,39,52.7,41.8
2021-06-28,49,49,52.7,41.9
2021-06-28,53,39,52.7,41.9
2021-06-28,54,43,52.7,41.9
2021-06-28,49,49,52.7,41.9
2021-06-28,54,43,52.7,41.9
2021-06-28,54,43,52.7,41.9
2021-06-28,54,43,52.7,41.9
2021-06-28,53,39,52.7,41.9
2021-06-29,51,44,52.7,41.9
2021-06-29,48,50,52.7,41.9
2021-06-29,50,43,52.7,41.9
2021-06-29,53,39,52.7,41.9
2021-06-29,50,43,52.7,41.9
2021-06-29,53,39,52.7,41.9
2021-06-29,48,43,52.7,41.9
2021-06-29,50,46,52.7,41.9
2021-06-29,48,43,52.7,41.9
2021-06-29,48,50,52.7,41.9
2021-06-30,48,49,52.1,42.2
2021-06-30,53,39,52.1,42.2
2021-06-30,53,39,52.1,42.2
2021-06-30,60,40,52.1,42.2
2021-06-30,48,49,52.1,42.2
2021-06-30,50,42,52.1,42.2
2021-06-30,60,40,52.1,42.2
2021-06-30,50,42,52.1,42.2
2021-07-01,48,50,52,42.3
2021-07-01,51,42,52,42.3
2021-07-01,53,39,52,42.3
2021-07-01,51,42,52,42.3
2021-07-01,48,50,52,42.3
2021-07-01,53,39,52,42.3
2021-07-02,50,37,52.1,42.3
2021-07-02,52,39,52.1,42.3
2021-07-02,52,39,52.1,42.3
2021-07-02,50,37,52.1,42.3
2021-07-02,54,38,52.1,42.3
2021-07-03,52,39,52.1,42.3
2021-07-03,52,39,52.1,42.3
2021-07-04,52,39,51.9,42.3
2021-07-04,52,39,51.9,42.3
2021-07-04,56,43,51.9,42.3
2021-07-04,56,43,51.9,42.3
2021-07-05,52,39,51.9,42.3
2021-07-05,52,39,51.9,42.3
2021-07-06,60,39,51.5,42.1
2021-07-06,49,50,51.5,42.1
2021-07-06,51,40,51.5,42.1
2021-07-06,51,44,51.5,42.1
2021-07-06,54,38.5,51.5,42.1
2021-07-06,49,50,51.5,42.1
2021-07-06,54,38.5,51.5,42.1
2021-07-06,60,39,51.5,42.1
2021-07-06,51,40,51.5,42.1
2021-07-07,49,50,51.8,42.1
2021-07-07,49,49,51.8,42.1
2021-07-07,49,50,51.8,42.1
2021-07-07,53,39,51.8,42.1
2021-07-07,53,39,51.8,42.1
2021-07-07,49,49,51.8,42.1
2021-07-08,52,43,51.6,42.3
2021-07-08,53,39,51.6,42.3
2021-07-08,53,39,51.6,42.3
2021-07-08,52,43,51.6,42.3
2021-07-09,59,41,51.6,42.3
2021-07-09,59,41,51.6,42.3
2021-07-09,53,39,51.6,42.3
2021-07-09,53,39,51.6,42.3
2021-07-10,46,46,51.6,42.3
2021-07-10,52,39,51.6,42.3
2021-07-10,51,41,51.6,42.3
2021-07-10,52,39,51.6,42.3
2021-07-10,46,46,51.6,42.3
2021-07-10,53,45,51.6,42.3
2021-07-10,53,45,51.6,42.3
2021-07-10,51,41,51.6,42.3
2021-07-11,49,49,51.6,42.3
2021-07-11,49,49,51.6,42.3
2021-07-11,52,39,51.6,42.3
2021-07-11,52,39,51.6,42.3
2021-07-12,49,49,51.6,42.2
2021-07-12,49,49,51.6,42.2
2021-07-12,52,39,51.6,42.2
2021-07-12,52,39,51.6,42.2
2021-07-12,52,45,51.6,42.2
2021-07-12,52,45,51.6,42.2
2021-07-13,47,43,51.6,42.2
2021-07-13,49,49,51.6,42.2
2021-07-13,52,39,51.6,42.2
2021-07-13,54,39,51.6,42.2
2021-07-13,49,45,51.6,42.2
2021-07-13,52,39,51.6,42.2
2021-07-13,47,43,51.6,42.2
2021-07-13,54,39,51.6,42.2
2021-07-13,49,49,51.6,42.2
2021-07-14,52,39,51.2,42.6
2021-07-14,52,39,51.2,42.6
2021-07-14,48,50,51.2,42.6
2021-07-14,48,50,51.2,42.6
2021-07-15,52,39,51.1,42.6
2021-07-15,52,39,51.1,42.6
2021-07-15,49,49,51.1,42.6
2021-07-15,49,49,51.1,42.6
2021-07-15,50,42,51.1,42.6
2021-07-15,53,42,51.1,42.6
2021-07-15,50,42,51.1,42.6
2021-07-15,53,42,51.1,42.6
2021-07-16,52,39,51.2,42.5
2021-07-16,52,39,51.2,42.5
2021-07-16,52.1,35.7,51.2,42.5
2021-07-16,52.1,35.7,51.2,42.5
2021-07-17,53,39,51.2,42.5
2021-07-17,58,42,51.2,42.5
2021-07-17,53,39,51.2,42.5
2021-07-17,58,42,51.2,42.5
2021-07-18,50,48,52.4,42.5
2021-07-18,50,48,52.4,42.5
2021-07-18,52,39,52.4,42.5
2021-07-18,52,44,52.4,42.5
2021-07-18,53,41,52.4,42.5
2021-07-18,54,45,52.4,42.5
2021-07-18,54,45,52.4,42.5
2021-07-18,52,39,52.4,42.5
2021-07-18,53,41,52.4,42.5
2021-07-18,52,44,52.4,42.5
2021-07-19,59,41,52.5,42.5
2021-07-19,52,44,52.5,42.5
2021-07-19,53.5,39.5,52.5,42.5
2021-07-19,53.5,39.5,52.5,42.5
2021-07-19,51,48,52.5,42.5
2021-07-19,59,41,52.5,42.5
2021-07-19,52,44,52.5,42.5
2021-07-19,51,48,52.5,42.5
2021-07-20,54,43,52.3,42.5
2021-07-20,50,48,52.3,42.5
2021-07-20,48,40,52.3,42.5
2021-07-20,52,40,52.3,42.5
2021-07-20,53,43,52.3,42.5
2021-07-20,50,48,52.3,42.5
2021-07-20,52,40,52.3,42.5
2021-07-20,50,43,52.3,42.5
2021-07-20,48,40,52.3,42.5
2021-07-20,53,43,52.3,42.5
2021-07-21,50,45,52.1,42.6
2021-07-21,52,40,52.1,42.6
2021-07-21,51,48,52.1,42.6
2021-07-21,51,48,52.1,42.6
2021-07-21,58,42,52.1,42.6
2021-07-21,50,45,52.1,42.6
2021-07-21,58,42,52.1,42.6
2021-07-21,52,40,52.1,42.6
2021-07-22,52,40,52.3,42.7
2021-07-22,52,40,52.3,42.7
2021-07-22,54,40,52.3,42.7
2021-07-22,50,48,52.3,42.7
2021-07-22,54,40,52.3,42.7
2021-07-22,50,48,52.3,42.7
2021-07-23,52,40,52.4,42.7
2021-07-23,55,43,52.4,42.7
2021-07-23,55,43,52.4,42.7
2021-07-23,52,40,52.4,42.7
2021-07-24,52,40,52.4,42.7
2021-07-24,52,40,52.4,42.7
2021-07-25,52,40,52.4,42.7
2021-07-25,54,40,52.4,42.7
2021-07-25,52,40,52.4,42.7
2021-07-25,54,40,52.4,42.7
2021-07-25,49,49,52.4,42.7
2021-07-25,49,49,52.4,42.7
2021-07-26,49,44,52.7,42.7
2021-07-26,47,51,52.7,42.7
2021-07-26,58,42,52.7,42.7
2021-07-26,52,40,52.7,42.7
2021-07-26,58,42,52.7,42.7
2021-07-26,53,41,52.7,42.7
2021-07-26,47,51,52.7,42.7
2021-07-26,52,45,52.7,42.7
2021-07-26,52,40,52.7,42.7
2021-07-26,53,41,52.7,42.7
2021-07-26,48,44,52.7,42.7
2021-07-26,48,44,52.7,42.7
2021-07-27,46,52,52.6,42.9
2021-07-27,46,52,52.6,42.9
2021-07-27,52,40,52.6,42.9
2021-07-27,46,44,52.6,42.9
2021-07-27,46,44,52.6,42.9
2021-07-27,49,45,52.6,42.9
2021-07-27,52,40,52.6,42.9
2021-07-28,47,51,51.9,43.2
2021-07-28,47,44,51.9,43.2
2021-07-28,47,44,51.9,43.2
2021-07-28,48,45,51.9,43.2
2021-07-28,48,45,51.9,43.2
2021-07-28,47,51,51.9,43.2
2021-07-28,52,40,51.9,43.2
2021-07-28,52,40,51.9,43.2
2021-07-29,50,45,51.5,43.4
2021-07-29,51,47,51.5,43.4
2021-07-29,47,51,51.5,43.4
2021-07-29,51,47,51.5,43.4
2021-07-29,49,44,51.5,43.4
2021-07-29,52,40,51.5,43.4
2021-07-29,52,40,51.5,43.4
2021-07-29,54,42,51.5,43.4
2021-07-29,47,51,51.5,43.4
2021-07-29,49,44,51.5,43.4
2021-07-29,52,43,51.5,43.4
2021-07-29,54,42,51.5,43.4
2021-07-29,52,43,51.5,43.4
2021-07-30,52,40,51.5,43.4
2021-07-30,52,40,51.5,43.4
2021-07-30,57,34,51.5,43.4
2021-07-30,52,34,51.5,43.4
2021-07-30,52,34,51.5,43.4
2021-07-31,51,40,51.5,43.4
2021-07-31,43,51,51.5,43.4
2021-07-31,51,40,51.5,43.4
2021-07-31,43,51,51.5,43.4
2021-08-01,55,39,51.5,43.4
2021-08-01,49,49,51.5,43.4
2021-08-01,51,40,51.5,43.4
2021-08-01,49,49,51.5,43.4
2021-08-01,53,45,51.5,43.4
2021-08-01,51,40,51.5,43.4
2021-08-01,53,45,51.5,43.4
2021-08-01,55,39,51.5,43.4
2021-08-02,46,43,51.1,42.4
2021-08-02,53,42,51.1,42.4
2021-08-02,51,40,51.1,42.4
2021-08-02,48,51,51.1,42.4
2021-08-02,52,46,51.1,42.4
2021-08-02,51,46,51.1,42.4
2021-08-02,53,41,51.1,42.4
2021-08-02,48,44,51.1,42.4
2021-08-02,48,51,51.1,42.4
2021-08-02,46,43,51.1,42.4
2021-08-02,51,43,51.1,42.4
2021-08-02,48,44,51.1,42.4
2021-08-02,53,42,51.1,42.4
2021-08-02,51,40,51.1,42.4
2021-08-02,47,44,51.1,42.4
2021-08-02,51,46,51.1,42.4
2021-08-02,51,43,51.1,42.4
2021-08-02,53,41,51.1,42.4
2021-08-03,54,45,50.9,42.9
2021-08-03,48,36,50.9,42.9
2021-08-03,51,41,50.9,42.9
2021-08-03,49,43,50.9,42.9
2021-08-03,48,51,50.9,42.9
2021-08-03,49,44,50.9,42.9
2021-08-03,54,45,50.9,42.9
2021-08-03,48,36,50.9,42.9
2021-08-03,49,43,50.9,42.9
2021-08-03,48,51,50.9,42.9
2021-08-03,51,41,50.9,42.9
2021-08-04,51,40,50.6,43
2021-08-04,48,51,50.6,43
2021-08-04,51,40,50.6,43
2021-08-04,48,51,50.6,43
2021-08-05,48,51,50.2,43.3
2021-08-05,55,40,50.2,43.3
2021-08-05,51,40,50.2,43.3
2021-08-05,55,40,50.2,43.3
2021-08-05,51,40,50.2,43.3
2021-08-05,48,51,50.2,43.3
2021-08-05,50,43,50.2,43.3
2021-08-05,50,43,50.2,43.3
2021-08-06,51,40,50.2,43.3
2021-08-06,51,40,50.2,43.3
2021-08-07,51,41,50.2,43.3
2021-08-07,51,41,50.2,43.3
2021-08-08,50,41,50.2,43.3
2021-08-08,50,41,50.2,43.3
2021-08-08,49,49,50.2,43.3
2021-08-08,49,49,50.2,43.3
2021-08-09,51,41,50.4,43.3
2021-08-09,51,46,50.4,43.3
2021-08-09,53,41,50.4,43.3
2021-08-09,51,46,50.4,43.3
2021-08-09,48,51,50.4,43.3
2021-08-09,53,41,50.4,43.3
2021-08-09,51,41,50.4,43.3
2021-08-09,48,51,50.4,43.3
2021-08-10,54,40,50.4,43.1
2021-08-10,46,43,50.4,43.1
2021-08-10,48,50,50.4,43.1
2021-08-10,51,41,50.4,43.1
2021-08-10,48,50,50.4,43.1
2021-08-10,54,40,50.4,43.1
2021-08-10,51,41,50.4,43.1
2021-08-10,53,46,50.4,43.1
2021-08-10,47,45,50.4,43.1
2021-08-10,46,43,50.4,43.1
2021-08-10,53,46,50.4,43.1
2021-08-11,51,40,50.3,43.3
2021-08-11,46.5,47.5,50.3,43.3
2021-08-11,51,40,50.3,43.3
2021-08-11,47,52,50.3,43.3
2021-08-11,46.5,47.5,50.3,43.3
2021-08-11,47,52,50.3,43.3
2021-08-12,51,43,50.2,43.5
2021-08-12,51,40,50.2,43.5
2021-08-12,51,43,50.2,43.5
2021-08-12,47,52,50.2,43.5
2021-08-12,47,52,50.2,43.5
2021-08-12,51,40,50.2,43.5
2021-08-13,52,40,50,43.8
2021-08-13,56,40,50,43.8
2021-08-13,56,40,50,43.8
2021-08-13,52,40,50,43.8
2021-08-14,52,40,50,43.8
2021-08-14,51,45,50,43.8
2021-08-14,51,45,50,43.8
2021-08-14,52,40,50,43.8
2021-08-15,52,40,50,43.8
2021-08-15,51,47,50,43.8
2021-08-15,46,53,50,43.8
2021-08-15,53,41,50,43.8
2021-08-15,55,41,50,43.8
2021-08-15,52,40,50,43.8
2021-08-15,51,47,50,43.8
2021-08-15,55,41,50,43.8
2021-08-15,53,41,50,43.8
2021-08-15,46,53,50,43.8
2021-08-16,54,41.5,49.9,44
2021-08-16,52,40,49.9,44
2021-08-16,50,46,49.9,44
2021-08-16,45,54,49.9,44
2021-08-16,54,46,49.9,44
2021-08-16,54,46,49.9,44
2021-08-16,54,40,49.9,44
2021-08-16,51,46,49.9,44
2021-08-16,51.8,42.3,49.9,44
2021-08-16,54,40,49.9,44
2021-08-16,45,54,49.9,44
2021-08-16,46,47,49.9,44
2021-08-16,52,40,49.9,44
2021-08-16,54,41.5,49.9,44
2021-08-16,50,46,49.9,44
2021-08-16,51.8,42.3,49.9,44
2021-08-16,51,46,49.9,44
2021-08-16,46,47,49.9,44
2021-08-17,49,48,49.8,44
2021-08-17,44,44,49.8,44
2021-08-17,49,48,49.8,44
2021-08-17,46,54,49.8,44
2021-08-17,47,47,49.8,44
2021-08-17,44,44,49.8,44
2021-08-17,49,48,49.8,44
2021-08-17,46,54,49.8,44
2021-08-17,52,40,49.8,44
2021-08-17,49,48,49.8,44
2021-08-17,52,40,49.8,44
2021-08-17,50,48,49.8,44
2021-08-18,49,45,49.3,44.5
2021-08-18,46,53,49.3,44.5
2021-08-18,49,45,49.3,44.5
2021-08-18,51,41,49.3,44.5
2021-08-18,47,45,49.3,44.5
2021-08-18,51,41,49.3,44.5
2021-08-18,52,46,49.3,44.5
2021-08-18,47,46,49.3,44.5
2021-08-18,47,45,49.3,44.5
2021-08-18,46,53,49.3,44.5
2021-08-18,47,46,49.3,44.5
2021-08-18,52,46,49.3,44.5
2021-08-19,46,53,49.1,44.5
2021-08-19,50,44,49.1,44.5
2021-08-19,46,49,49.1,44.5
2021-08-19,46,49,49.1,44.5
2021-08-19,51,42,49.1,44.5
2021-08-19,51,42,49.1,44.5
2021-08-19,50,47,49.1,44.5
2021-08-19,50,47,49.1,44.5
2021-08-19,50,44,49.1,44.5
2021-08-19,46,53,49.1,44.5
2021-08-20,50,46,48.9,45.2
2021-08-20,50,50,48.9,45.2
2021-08-20,51,42,48.9,45.2
2021-08-20,49,46,48.9,45.2
2021-08-20,50,50,48.9,45.2
2021-08-20,51,42,48.9,45.2
2021-08-20,49,46,48.9,45.2
2021-08-21,50,42,49,45.5
2021-08-21,50,42,49,45.5
2021-08-22,50,42,49.4,46.2
2021-08-22,50,42,49.4,46.2
2021-08-22,46,53,49.4,46.2
2021-08-22,51,45,49.4,46.2
2021-08-22,46,46,49.4,46.2
2021-08-22,46,46,49.4,46.2
2021-08-22,49,43,49.4,46.2
2021-08-22,51,45,49.4,46.2
2021-08-22,46,53,49.4,46.2
2021-08-22,49,43,49.4,46.2
2021-08-23,50,43,48.5,45.9
2021-08-23,41.2,55.1,48.5,45.9
2021-08-23,41.2,55.1,48.5,45.9
2021-08-23,52,43,48.5,45.9
2021-08-23,50,43,48.5,45.9
2021-08-23,52,43,48.5,45.9
2021-08-23,44,55,48.5,45.9
2021-08-23,44,55,48.5,45.9
2021-08-24,46,44,47.6,47
2021-08-24,49,43,47.6,47
2021-08-24,46,44,47.6,47
2021-08-24,44,55,47.6,47
2021-08-24,44,55,47.6,47
2021-08-24,50,48,47.6,47
2021-08-24,40,50,47.6,47
2021-08-24,50,48,47.6,47
2021-08-24,52,43,47.6,47
2021-08-24,52,43,47.6,47
2021-08-24,48,46,47.6,47
2021-08-24,49,43,47.6,47
2021-08-24,40,50,47.6,47
2021-08-25,44,55,47.6,46.9
2021-08-25,49,43,47.6,46.9
2021-08-25,49,43,47.6,46.9
2021-08-25,51,44,47.6,46.9
2021-08-25,44,55,47.6,46.9
2021-08-25,51,44,47.6,46.9
2021-08-26,49,46,47.2,47
2021-08-26,49,43,47.2,47
2021-08-26,45,53,47.2,47
2021-08-26,49,43,47.2,47
2021-08-26,45,53,47.2,47
2021-08-26,49,46,47.2,47
2021-08-27,49,43,47.2,46.9
2021-08-27,49,43,47.2,46.9
2021-08-28,49,44,47.2,46.9
2021-08-28,49,44,47.2,46.9
2021-08-28,53,44,47.2,46.9
2021-08-28,53,44,47.2,46.9
2021-08-29,45,54,47.2,46.9
2021-08-29,48,49,47.2,46.9
2021-08-29,48,49,47.2,46.9
2021-08-29,49,44,47.2,46.9
2021-08-29,48,45,47.2,46.9
2021-08-29,45,54,47.2,46.9
2021-08-29,49,44,47.2,46.9
2021-08-29,48,45,47.2,46.9
2021-08-30,47,50,47.2,47.5
2021-08-30,47,50,47.2,47.5
2021-08-30,48,49,47.2,47.5
2021-08-30,47,49,47.2,47.5
2021-08-30,48,49,47.2,47.5
2021-08-30,44,54,47.2,47.5
2021-08-30,49,44,47.2,47.5
2021-08-30,44,54,47.2,47.5
2021-08-30,47,49,47.2,47.5
2021-08-30,49,44,47.2,47.5
2021-08-31,45,44,47,47.6
2021-08-31,48,44,47,47.6
2021-08-31,48,44,47,47.6
2021-08-31,43,51,47,47.6
2021-08-31,45,44,47,47.6
2021-08-31,42,56,47,47.6
2021-08-31,47,46,47,47.6
2021-08-31,43,51,47,47.6
2021-08-31,42,56,47,47.6
2021-08-31,43,51,47,47.6
2021-09-01,48,45,46.7,47.6
2021-09-01,42,56,46.7,47.6
2021-09-01,44,51,46.7,47.6
2021-09-01,48,45,46.7,47.6
2021-09-01,44,49,46.7,47.6
2021-09-01,45.8,46.9,46.7,47.6
2021-09-01,45.8,46.9,46.7,47.6
2021-09-01,42,56,46.7,47.6
2021-09-01,44,51,46.7,47.6
2021-09-01,44,49,46.7,47.6
2021-09-02,49,46,46.2,48
2021-09-02,47,45,46.2,48
2021-09-02,44,54,46.2,48
2021-09-02,49,46,46.2,48
2021-09-02,46,54,46.2,48
2021-09-02,46,48,46.2,48
2021-09-02,49,48,46.2,48
2021-09-02,47,45,46.2,48
2021-09-02,44,54,46.2,48
2021-09-02,46,54,46.2,48
2021-09-02,49,48,46.2,48
2021-09-02,46,48,46.2,48
2021-09-03,44,43,45.9,48.4
2021-09-03,47,45,45.9,48.4
2021-09-03,47,45,45.9,48.4
2021-09-03,47,45,45.9,48.4
2021-09-03,44,43,45.9,48.4
2021-09-04,47,45,45.9,48.4
2021-09-04,47,45,45.9,48.4
2021-09-05,47,45,45.9,48.4
2021-09-05,42,52,45.9,48.4
2021-09-05,46,52,45.9,48.4
2021-09-05,46,36,45.9,48.4
2021-09-05,47,45,45.9,48.4
2021-09-05,46,36,45.9,48.4
2021-09-05,46,52,45.9,48.4
2021-09-05,42,52,45.9,48.4
2021-09-06,46,45,46.1,48.3
2021-09-06,50,44,46.1,48.3
2021-09-06,47,49,46.1,48.3
2021-09-06,48,46,46.1,48.3
2021-09-06,47,52,46.1,48.3
2021-09-06,50,44,46.1,48.3
2021-09-06,48,46,46.1,48.3
2021-09-06,46,45,46.1,48.3
2021-09-06,47,52,46.1,48.3
2021-09-06,47,49,46.1,48.3
2021-09-07,52,48,45.3,49
2021-09-07,50,50,45.3,49
2021-09-07,46,45,45.3,49
2021-09-07,52,48,45.3,49
2021-09-07,39,50,45.3,49
2021-09-07,43,52,45.3,49
2021-09-07,46,45,45.3,49
2021-09-07,39,50,45.3,49
2021-09-07,46,53,45.3,49
2021-09-07,46,53,45.3,49
2021-09-08,46,52,45,49.1
2021-09-08,46,44,45,49.1
2021-09-08,48,50,45,49.1
2021-09-08,46,44,45,49.1
2021-09-08,48,46,45,49.1
2021-09-08,47,49,45,49.1
2021-09-08,47,45,45,49.1
2021-09-08,48,46,45,49.1
2021-09-08,48,50,45,49.1
2021-09-08,47,45,45,49.1
2021-09-08,46,52,45,49.1
2021-09-08,47,49,45,49.1
2021-09-09,43.5,54.3,45.2,47.9
2021-09-09,47,45,45.2,47.9
2021-09-09,47,46,45.2,47.9
2021-09-09,50,50,45.2,47.9
2021-09-09,47,45,45.2,47.9
2021-09-09,55,45,45.2,47.9
2021-09-09,50,50,45.2,47.9
2021-09-09,46,52,45.2,47.9
2021-09-09,46,52,45.2,47.9
2021-09-09,43.5,54.3,45.2,47.9
2021-09-09,47,46,45.2,47.9
2021-09-09,55,45,45.2,47.9
2021-09-10,47,45,45.8,48.6
2021-09-10,47,45,45.8,48.6
2021-09-11,47,45,45.8,48.6
2021-09-11,47,45,45.8,48.6
2021-09-11,47,48,45.8,48.6
2021-09-11,47,48,45.8,48.6
2021-09-11,47,48,45.8,48.6
2021-09-11,47,44,45.8,48.6
2021-09-11,47,48,45.8,48.6
2021-09-11,47,44,45.8,48.6
2021-09-12,47,49,45.8,48.6
2021-09-12,46,52,45.8,48.6
2021-09-12,46,52,45.8,48.6
2021-09-12,47,45,45.8,48.6
2021-09-12,47,45,45.8,48.6
2021-09-12,48,46.5,45.8,48.6
2021-09-12,48,46.5,45.8,48.6
2021-09-13,49,45,46.1,49
2021-09-13,47,46,46.1,49
2021-09-13,45,53,46.1,49
2021-09-13,49,49,46.1,49
2021-09-13,47,50,46.1,49
2021-09-13,47,46,46.1,49
2021-09-13,48,50,46.1,49
2021-09-13,46,46,46.1,49
2021-09-13,47,50,46.1,49
2021-09-13,49,45,46.1,49
2021-09-13,48,46,46.1,49
2021-09-13,46,46,46.1,49
2021-09-13,47,46,46.1,49
2021-09-13,44,50,46.1,49
2021-09-13,45,53,46.1,49
2021-09-13,48,50,46.1,49
2021-09-13,42,50,46.1,49
2021-09-13,42,50,46.1,49
2021-09-13,49,49,46.1,49
2021-09-13,48,46,46.1,49
2021-09-14,44,48,45.9,49.2
2021-09-14,47,46,45.9,49.2
2021-09-14,47,46,45.9,49.2
2021-09-14,44,55,45.9,49.2
2021-09-14,44,55,45.9,49.2
2021-09-14,47,52,45.9,49.2
2021-09-14,47,52,45.9,49.2
2021-09-14,44,48,45.9,49.2
2021-09-14,46,49,45.9,49.2
2021-09-15,44,55,46,49.3
2021-09-15,50,49,46,49.3
2021-09-15,46,46,46,49.3
2021-09-15,50,49,46,49.3
2021-09-15,44,55,46,49.3
2021-09-15,46,46,46,49.3
2021-09-16,46,46,45.7,48.8
2021-09-16,46,46,45.7,48.8
2021-09-16,48,52,45.7,48.8
2021-09-16,48,50,45.7,48.8
2021-09-16,51,44,45.7,48.8
2021-09-16,44,50,45.7,48.8
2021-09-16,43,55,45.7,48.8
2021-09-16,48,52,45.7,48.8
2021-09-16,44,50,45.7,48.8
2021-09-16,43,55,45.7,48.8
2021-09-16,51,44,45.7,48.8
2021-09-16,48,50,45.7,48.8
2021-09-17,43,53,45.7,48.8
2021-09-17,46,46,45.7,48.8
2021-09-17,43,53,45.7,48.8
2021-09-17,46,46,45.7,48.8
2021-09-18,48,48,45.7,48.8
2021-09-18,49,46,45.7,48.8
2021-09-18,49,46,45.7,48.8
2021-09-18,46,46,45.7,48.8
2021-09-18,46,46,45.7,48.8
2021-09-18,48,48,45.7,48.8
2021-09-19,44,53,46.1,48.8
2021-09-19,47,46,46.1,48.8
2021-09-19,49,47,46.1,48.8
2021-09-19,44,53,46.1,48.8
2021-09-19,43,56,46.1,48.8
2021-09-19,47,46,46.1,48.8
2021-09-19,48,46,46.1,48.8
2021-09-19,48,46,46.1,48.8
2021-09-19,43,56,46.1,48.8
2021-09-20,47,50,46,49.2
2021-09-20,45,50,46,49.2
2021-09-20,49,44,46,49.2
2021-09-20,46,48,46,49.2
2021-09-20,49,44,46,49.2
2021-09-20,44,56,46,49.2
2021-09-20,47,46,46,49.2
2021-09-20,51,46,46,49.2
2021-09-20,45,50,46,49.2
2021-09-20,47,46,46,49.2
2021-09-20,45,34,46,49.2
2021-09-20,46,48,46,49.2
2021-09-20,44,56,46,49.2
2021-09-20,47,50,46,49.2
2021-09-20,50,46,46,49.2
2021-09-20,45,34,46,49.2
2021-09-20,50,46,46,49.2
2021-09-21,47,46,46.5,48.9
2021-09-21,49,46,46.5,48.9
2021-09-21,49,46,46.5,48.9
2021-09-21,43,46,46.5,48.9
2021-09-21,45,55,46.5,48.9
2021-09-21,43,46,46.5,48.9
2021-09-21,46,48,46.5,48.9
2021-09-21,45,55,46.5,48.9
2021-09-21,47,46,46.5,48.9
2021-09-22,45,54,46.3,49
2021-09-22,45,54,46.3,49
2021-09-22,47,46,46.3,49
2021-09-22,47,47,46.3,49
2021-09-22,47,47,46.3,49
2021-09-22,47,46,46.3,49
2021-09-23,50,48,45.8,48.7
2021-09-23,42,56,45.8,48.7
2021-09-23,47,46,45.8,48.7
2021-09-23,47,46,45.8,48.7
2021-09-23,53,47,45.8,48.7
2021-09-23,44,51,45.8,48.7
2021-09-23,44,51,45.8,48.7
2021-09-23,42,56,45.8,48.7
2021-09-24,46,46,45.6,49
2021-09-24,46,46,45.6,49
2021-09-25,47,49,45.6,49
2021-09-25,47,42,45.6,49
2021-09-25,46,46,45.6,49
2021-09-25,45,48,45.6,49
2021-09-25,47,49,45.6,49
2021-09-25,47,42,45.6,49
2021-09-25,46,46,45.6,49
2021-09-25,45,48,45.6,49
2021-09-26,45,46,45.6,49
2021-09-26,46,52,45.6,49
2021-09-26,40,58,45.6,49
2021-09-26,40,58,45.6,49
2021-09-26,46,47,45.6,49
2021-09-26,46,46,45.6,49
2021-09-26,46,47,45.6,49
2021-09-26,46,52,45.6,49
2021-09-26,45,46,45.6,49
2021-09-27,46,51,45.3,48.8
2021-09-27,45,47,45.3,48.8
2021-09-27,48,46,45.3,48.8
2021-09-27,45,47,45.3,48.8
2021-09-27,46,51,45.3,48.8
2021-09-27,41,58,45.3,48.8
2021-09-27,41,58,45.3,48.8
2021-09-27,50,49,45.3,48.8
2021-09-27,47,50,45.3,48.8
2021-09-27,50,49,45.3,48.8
2021-09-27,48,46,45.3,48.8
2021-09-28,45,47,45.3,48.9
2021-09-28,40,49,45.3,48.9
2021-09-28,45,47,45.3,48.9
2021-09-28,42,56,45.3,48.9
2021-09-28,48,43,45.3,48.9
2021-09-28,48,43,45.3,48.9
2021-09-28,43,51,45.3,48.9
2021-09-28,42,56,45.3,48.9
2021-09-28,40,49,45.3,48.9
2021-09-29,45,47,44.9,49
2021-09-29,48.5,46,44.9,49
2021-09-29,52,48,44.9,49
2021-09-29,42,56,44.9,49
2021-09-29,48.5,46,44.9,49
2021-09-29,45,47,44.9,49
2021-09-29,52,48,44.9,49
2021-09-29,42,56,44.9,49
2021-09-30,46,48,44.9,48.7
2021-09-30,42,56,44.9,48.7
2021-09-30,46,48,44.9,48.7
2021-09-30,45,47,44.9,48.7
2021-09-30,45,47,44.9,48.7
2021-09-30,42,56,44.9,48.7
2021-09-30,46,50,44.9,48.7
2021-09-30,46,50,44.9,48.7
2021-10-01,46,47,45,48.7
2021-10-01,45,47,45,48.7
2021-10-01,46,47,45,48.7
2021-10-01,45,47,45,48.7
2021-10-02,45,47,45,48.7
2021-10-02,44,40,45,48.7
2021-10-02,45,47,45,48.7
2021-10-02,44,40,45,48.7
2021-10-03,43,56,45,48.9
2021-10-03,46,47,45,48.9
2021-10-03,46,47,45,48.9
2021-10-03,43,56,45,48.9
2021-10-04,40,53,44.8,47.8
2021-10-04,43,55,44.8,47.8
2021-10-04,46,47,44.8,47.8
2021-10-04,45,52,44.8,47.8
2021-10-04,46,47,44.8,47.8
2021-10-04,38,53,44.8,47.8
2021-10-04,42,50,44.8,47.8
2021-10-04,45.5,49,44.8,47.8
2021-10-04,45.5,49,44.8,47.8
2021-10-04,42,50,44.8,47.8
2021-10-04,38,53,44.8,47.8
2021-10-04,45,52,44.8,47.8
2021-10-04,43,55,44.8,47.8
2021-10-05,45,37,44.8,48
2021-10-05,46,47,44.8,48
2021-10-05,46,47,44.8,48
2021-10-05,45,37,44.8,48
2021-10-05,44,49,44.8,48
2021-10-05,45,54,44.8,48
2021-10-05,42,48,44.8,48
2021-10-05,42,48,44.8,48
2021-10-05,45,54,44.8,48
2021-10-06,45,47,44.1,48.8
2021-10-06,43,55,44.1,48.8
2021-10-06,43,55,44.1,48.8
2021-10-06,39,53,44.1,48.8
2021-10-06,39.6,56,44.1,48.8
2021-10-06,39,53,44.1,48.8
2021-10-06,45,47,44.1,48.8
2021-10-06,39.6,56,44.1,48.8
2021-10-07,45,47,44.4,48.2
2021-10-07,43,56,44.4,48.2
2021-10-07,48,47,44.4,48.2
2021-10-07,48,47,44.4,48.2
2021-10-07,43,56,44.4,48.2
2021-10-07,45,47,44.4,48.2
2021-10-08,46,47,44,48.9
2021-10-08,46,47,44,48.9
2021-10-08,49,46,44,48.9
2021-10-08,50,50,44,48.9
2021-10-08,50,50,44,48.9
2021-10-08,49,46,44,48.9
2021-10-09,46,47,44,48.9
2021-10-09,47,50,44,48.9
2021-10-09,46,47,44,48.9
2021-10-09,47,50,44,48.9
2021-10-10,46,47,44.7,49
2021-10-10,46,47,44.7,49
2021-10-10,41,58,44.7,49
2021-10-10,45,53,44.7,49
2021-10-10,45,53,44.7,49
2021-10-10,41,58,44.7,49
2021-10-11,50,50,44.6,49.2
2021-10-11,41,57,44.6,49.2
2021-10-11,46,51,44.6,49.2
2021-10-11,50,49,44.6,49.2
2021-10-11,41,57,44.6,49.2
2021-10-11,46,51,44.6,49.2
2021-10-11,46,47,44.6,49.2
2021-10-11,46,51,44.6,49.2
2021-10-11,46,51,44.6,49.2
2021-10-11,46,47,44.6,49.2
2021-10-11,50,49,44.6,49.2
2021-10-12,46,47,44.5,49.2
2021-10-12,42,51,44.5,49.2
2021-10-12,47,48,44.5,49.2
2021-10-12,40,50,44.5,49.2
2021-10-12,46.5,48.5,44.5,49.2
2021-10-12,46,47,44.5,49.2
2021-10-12,43,56,44.5,49.2
2021-10-12,46.5,48.5,44.5,49.2
2021-10-12,43,56,44.5,49.2
2021-10-12,47,48,44.5,49.2
2021-10-12,40,50,44.5,49.2
2021-10-13,48,47,44.6,49.6
2021-10-13,43,47,44.6,49.6
2021-10-13,43,56,44.6,49.6
2021-10-13,46,47,44.6,49.6
2021-10-13,43,56,44.6,49.6
2021-10-13,46,47,44.6,49.6
2021-10-13,43,47,44.6,49.6
2021-10-13,48,47,44.6,49.6
2021-10-14,46,48,44.7,49.6
2021-10-14,46,47,44.7,49.6
2021-10-14,40,56,44.7,49.6
2021-10-14,46,47,44.7,49.6
2021-10-14,46,48,44.7,49.6
2021-10-14,43,56,44.7,49.6
2021-10-14,43,56,44.7,49.6
2021-10-14,40,56,44.7,49.6
2021-10-15,48,47,44.8,49.5
2021-10-15,48,47,44.8,49.5
2021-10-15,46,47,44.8,49.5
2021-10-15,46,47,44.8,49.5
2021-10-16,46,47,44.8,49.5
2021-10-16,47,48,44.8,49.5
2021-10-16,47,48,44.8,49.5
2021-10-16,46,47,44.8,49.5
2021-10-17,42,56,44.8,49.5
2021-10-17,37,50,44.8,49.5
2021-10-17,46,47,44.8,49.5
2021-10-17,41,52,44.8,49.5
2021-10-17,46,47,44.8,49.5
2021-10-17,43,39,44.8,49.5
2021-10-17,40,51,44.8,49.5
2021-10-17,49,45,44.8,49.5
2021-10-17,43,39,44.8,49.5
2021-10-17,41,52,44.8,49.5
2021-10-17,37,50,44.8,49.5
2021-10-17,42,56,44.8,49.5
2021-10-17,49,45,44.8,49.5
2021-10-18,46,50,44.8,49.5
2021-10-18,46,50,44.8,49.5
2021-10-18,46,47,44.8,49.5
2021-10-18,46,47,44.8,49.5
2021-10-18,37,52,44.8,49.5
2021-10-18,45,52,44.8,49.5
2021-10-18,42,56,44.8,49.5
2021-10-18,42,56,44.8,49.5
2021-10-18,45,54,44.8,49.5
2021-10-18,37,52,44.8,49.5
2021-10-18,45,52,44.8,49.5
2021-10-18,40,51,44.8,49.5
2021-10-18,45,54,44.8,49.5
2021-10-19,44,46,44.1,49.9
2021-10-19,42,52,44.1,49.9
2021-10-19,45,48,44.1,49.9
2021-10-19,46,47,44.1,49.9
2021-10-19,47,51,44.1,49.9
2021-10-19,46,53,44.1,49.9
2021-10-19,41,58,44.1,49.9
2021-10-19,41,58,44.1,49.9
2021-10-19,46,47,44.1,49.9
2021-10-19,44,46,44.1,49.9
2021-10-19,48,51,44.1,49.9
2021-10-19,46,53,44.1,49.9
2021-10-19,42,52,44.1,49.9
2021-10-20,47,47,43.8,50.5
2021-10-20,47,48,43.8,50.5
2021-10-20,46,47,43.8,50.5
2021-10-20,46,47,43.8,50.5
2021-10-20,42,56,43.8,50.5
2021-10-20,42,56,43.8,50.5
2021-10-20,47,47,43.8,50.5
2021-10-20,47,47,43.8,50.5
2021-10-20,47,47,43.8,50.5
2021-10-21,45.3,52.2,43.7,50
2021-10-21,46,47,43.7,50
2021-10-21,45.3,52.2,43.7,50
2021-10-21,39.2,58.4,43.7,50
2021-10-21,44,49,43.7,50
2021-10-21,46,48,43.7,50
2021-10-21,46,47,43.7,50
2021-10-21,42,57,43.7,50
2021-10-21,39.2,58.4,43.7,50
2021-10-21,46,48,43.7,50
2021-10-21,42,57,43.7,50
2021-10-21,44,49,43.7,50
2021-10-22,45,47,43.4,50.7
2021-10-22,44,49,43.4,50.7
2021-10-22,45,47,43.4,50.7
2021-10-22,44,50,43.4,50.7
2021-10-22,44,49,43.4,50.7
2021-10-23,52.1,44.9,43.4,50.7
2021-10-23,43,53,43.4,50.7
2021-10-23,46,47,43.4,50.7
2021-10-23,46,47,43.4,50.7
2021-10-23,43,53,43.4,50.7
2021-10-23,53,45,43.4,50.7
2021-10-23,42,47,43.4,50.7
2021-10-23,53,45,43.4,50.7
2021-10-23,49,47,43.4,50.7
2021-10-23,52.1,44.9,43.4,50.7
2021-10-23,42,47,43.4,50.7
2021-10-23,49,47,43.4,50.7
2021-10-24,43,54,43.4,50.7
2021-10-24,46,51,43.4,50.7
2021-10-24,45,48,43.4,50.7
2021-10-24,43,56,43.4,50.7
2021-10-24,43,56,43.4,50.7
2021-10-24,45,48,43.4,50.7
2021-10-24,46,51,43.4,50.7
2021-10-24,43,54,43.4,50.7
2021-10-25,45,48,43.6,50.6
2021-10-25,48,51,43.6,50.6
2021-10-25,45,48,43.6,50.6
2021-10-25,43,53,43.6,50.6
2021-10-25,41,57,43.6,50.6
2021-10-25,41,57,43.6,50.6
2021-10-25,48,51,43.6,50.6
2021-10-25,43,53,43.6,50.6
2021-10-26,45,52,43.4,50.9
2021-10-26,45,48,43.4,50.9
2021-10-26,45,52,43.4,50.9
2021-10-26,45,48,43.4,50.9
2021-10-26,43,49,43.4,50.9
2021-10-26,42,57,43.4,50.9
2021-10-26,45,49,43.4,50.9
2021-10-26,42,54,43.4,50.9
2021-10-26,45,52,43.4,50.9
2021-10-26,42,54,43.4,50.9
2021-10-26,43,49,43.4,50.9
2021-10-26,42,57,43.4,50.9
2021-10-27,45,48,43.6,50.8
2021-10-27,45,48,43.6,50.8
2021-10-27,42,57,43.6,50.8
2021-10-27,43,53,43.6,50.8
2021-10-27,43,53,43.6,50.8
2021-10-27,42,57,43.6,50.8
2021-10-28,42,57,43.7,51.1
2021-10-28,45,48,43.7,51.1
2021-10-28,45,48,43.7,51.1
2021-10-28,47,48,43.7,51.1
2021-10-28,44,51,43.7,51.1
2021-10-28,43,52,43.7,51.1
2021-10-28,47,48,43.7,51.1
2021-10-28,42,57,43.7,51.1
2021-10-28,43,52,43.7,51.1
2021-10-28,44,51,43.7,51.1
2021-10-29,45,48,43.1,50.8
2021-10-29,40,45,43.1,50.8
2021-10-29,40,45,43.1,50.8
2021-10-29,45,48,43.1,50.8
2021-10-30,46,49,43,51
2021-10-30,45,48,43,51
2021-10-30,45,48,43,51
2021-10-30,46,49,43,51
2021-10-31,42,57,43,51.2
2021-10-31,42,57,43,51.2
2021-10-31,45,48,43,51.2
2021-10-31,45,48,43,51.2
2021-10-31,40,44,43,51.2
2021-10-31,40,44,43,51.2
2021-11-01,45,51,42.9,50.7
2021-11-01,44,48,42.9,50.7
2021-11-01,43,56,42.9,50.7
2021-11-01,44,48,42.9,50.7
2021-11-01,43,56,42.9,50.7
2021-11-01,47,47,42.9,50.7
2021-11-01,47,47,42.9,50.7
2021-11-02,44,48,42.8,50.8
2021-11-02,44,55,42.8,50.8
2021-11-02,41,50,42.8,50.8
2021-11-02,41,50,42.8,50.8
2021-11-02,44,55,42.8,50.8
2021-11-02,44,48,42.8,50.8
2021-11-02,44,51,42.8,50.8
2021-11-03,44,54,42.9,50.7
2021-11-03,44,54,42.9,50.7
2021-11-03,44,48,42.9,50.7
2021-11-03,44,48,42.9,50.7
2021-11-04,45,54,43,50.4
2021-11-04,44,48,43,50.4
2021-11-04,43,55,43,50.4
2021-11-04,48,52,43,50.4
2021-11-04,43,55,43,50.4
2021-11-04,44,48,43,50.4
2021-11-04,48,47,43,50.4
2021-11-04,41.3,50.4,43,50.4
2021-11-04,48,47,43,50.4
2021-11-04,41.3,50.4,43,50.4
2021-11-04,48,52,43,50.4
2021-11-05,44,48,42.9,50.4
2021-11-05,37.8,59,42.9,50.4
2021-11-05,46,50,42.9,50.4
2021-11-05,44,48,42.9,50.4
2021-11-05,46,50,42.9,50.4
2021-11-05,37.8,59,42.9,50.4
2021-11-06,44,49,42.9,50.4
2021-11-06,44,49,42.9,50.4
2021-11-07,46,51,42.6,51.1
2021-11-07,44,49,42.6,51.1
2021-11-07,47.5,47,42.6,51.1
2021-11-07,44,49,42.6,51.1
2021-11-07,42,57,42.6,51.1
2021-11-07,45,54,42.6,51.1
2021-11-07,44,50,42.6,51.1
2021-11-07,44,50,42.6,51.1
2021-11-07,42,57,42.6,51.1
2021-11-07,46,51,42.6,51.1
2021-11-07,47.5,47,42.6,51.1
2021-11-07,45,54,42.6,51.1
2021-11-08,40,59,42.8,51.3
2021-11-08,43,49,42.8,51.3
2021-11-08,42,50,42.8,51.3
2021-11-08,47,50,42.8,51.3
2021-11-08,42,51,42.8,51.3
2021-11-08,42,50,42.8,51.3
2021-11-08,40,59,42.8,51.3
2021-11-08,44,48,42.8,51.3
2021-11-08,44,48,42.8,51.3
2021-11-08,42,51,42.8,51.3
2021-11-08,47,50,42.8,51.3
2021-11-09,36,52,42.8,51.6
2021-11-09,36,52,42.8,51.6
2021-11-09,45,49,42.8,51.6
2021-11-09,40,55,42.8,51.6
2021-11-09,44,49,42.8,51.6
2021-11-09,40,59,42.8,51.6
2021-11-09,40,59,42.8,51.6
2021-11-09,42,48,42.8,51.6
2021-11-09,42,48,42.8,51.6
2021-11-09,40,55,42.8,51.6
2021-11-09,44,49,42.8,51.6
2021-11-10,41,53,42.7,51.3
2021-11-10,41,53,42.7,51.3
2021-11-10,46,49,42.7,51.3
2021-11-10,41,58,42.7,51.3
2021-11-10,46,49,42.7,51.3
2021-11-10,49,51,42.7,51.3
2021-11-10,41,58,42.7,51.3
2021-11-10,38,57,42.7,51.3
2021-11-10,49,51,42.7,51.3
2021-11-10,44,49,42.7,51.3
2021-11-10,44,49,42.7,51.3
2021-11-11,44,49,42.5,51.6
2021-11-11,44,49,42.5,51.6
2021-11-11,42,57,42.5,51.6
2021-11-11,42,57,42.5,51.6
2021-11-12,44,48,42.8,51.4
2021-11-12,44,48,42.8,51.4
2021-11-12,45,47,42.8,51.4
2021-11-12,45,47,42.8,51.4
2021-11-13,44,49,42.8,51.4
2021-11-13,44,49,42.8,51.4
2021-11-14,45,52,42.7,51.6
2021-11-14,44,49,42.7,51.6
2021-11-14,46,49,42.7,51.6
2021-11-14,43,56,42.7,51.6
2021-11-14,45,52,42.7,51.6
2021-11-14,46,49,42.7,51.6
2021-11-14,44,49,42.7,51.6
2021-11-14,44,53,42.7,51.6
2021-11-14,43,56,42.7,51.6
2021-11-15,37,46,42.9,51.6
2021-11-15,43,50,42.9,51.6
2021-11-15,44,49,42.9,51.6
2021-11-15,36,53,42.9,51.6
2021-11-15,38,53,42.9,51.6
2021-11-15,36,53,42.9,51.6
2021-11-15,44,49,42.9,51.6
2021-11-15,44,53,42.9,51.6
2021-11-15,41,57,42.9,51.6
2021-11-15,43,50,42.9,51.6
2021-11-15,41,57,42.9,51.6
2021-11-15,44,53,42.9,51.6
2021-11-15,37,46,42.9,51.6
2021-11-16,41,58,42.8,51.7
2021-11-16,42,56,42.8,51.7
2021-11-16,43,49,42.8,51.7
2021-11-16,44,48,42.8,51.7
2021-11-16,41,53,42.8,51.7
2021-11-16,41,58,42.8,51.7
2021-11-16,44,48,42.8,51.7
2021-11-16,42,56,42.8,51.7
2021-11-16,43,49,42.8,51.7
2021-11-16,42,55,42.8,51.7
2021-11-16,42,55,42.8,51.7
2021-11-16,43,51,42.8,51.7
2021-11-16,41,53,42.8,51.7
2021-11-17,44,49,43,51.6
2021-11-17,44,54,43,51.6
2021-11-17,44,54,43,51.6
2021-11-17,41,59,43,51.6
2021-11-17,41,59,43,51.6
2021-11-17,44,49,43,51.6
2021-11-18,45,52,42.5,51.7
2021-11-18,47,51,42.5,51.7
2021-11-18,41,58,42.5,51.7
2021-11-18,44,49,42.5,51.7
2021-11-18,44,52,42.5,51.7
2021-11-18,44,49,42.5,51.7
2021-11-18,44,49,42.5,51.7
2021-11-18,44,49,42.5,51.7
2021-11-18,41,58,42.5,51.7
2021-11-18,44,45,42.5,51.7
2021-11-18,44,52,42.5,51.7
2021-11-18,44,45,42.5,51.7
2021-11-19,44,49,42.5,51.8
2021-11-19,43,52,42.5,51.8
2021-11-19,44,56,42.5,51.8
2021-11-19,42,50,42.5,51.8
2021-11-19,43,52,42.5,51.8
2021-11-19,43,50,42.5,51.8
2021-11-19,44,53,42.5,51.8
2021-11-19,44,49,42.5,51.8
2021-11-19,44,56,42.5,51.8
2021-11-19,42,50,42.5,51.8
2021-11-20,44,50,42.5,51.8
2021-11-20,44,48,42.5,51.8
2021-11-20,44,48,42.5,51.8
2021-11-20,44,50,42.5,51.8
2021-11-20,44,50,42.5,51.8
2021-11-21,45,48,42.8,52.3
2021-11-21,47,48,42.8,52.3
2021-11-21,47,48,42.8,52.3
2021-11-21,45,48,42.8,52.3
2021-11-21,41,58,42.8,52.3
2021-11-21,47,47,42.8,52.3
2021-11-21,44,53,42.8,52.3
2021-11-21,47,47,42.8,52.3
2021-11-21,47,53,42.8,52.3
2021-11-21,41,58,42.8,52.3
2021-11-21,47,53,42.8,52.3
2021-11-21,44,53,42.8,52.3
2021-11-22,44,48,42.8,52.2
2021-11-22,43,54,42.8,52.2
2021-11-22,41,57,42.8,52.2
2021-11-22,41,58,42.8,52.2
2021-11-22,44,48,42.8,52.2
2021-11-22,41,57,42.8,52.2
2021-11-22,44,52,42.8,52.2
2021-11-22,41,58,42.8,52.2
2021-11-22,43,54,42.8,52.2
2021-11-22,44,52,42.8,52.2
2021-11-23,45,50,42.9,52.3
2021-11-23,41,49,42.9,52.3
2021-11-23,41,49,42.9,52.3
2021-11-23,44,48,42.9,52.3
2021-11-23,44,48,42.9,52.3
2021-11-23,41,58,42.9,52.3
2021-11-23,43,52,42.9,52.3
2021-11-23,41,58,42.9,52.3
2021-11-23,43,52,42.9,52.3
2021-11-24,44,48,42.9,51.8
2021-11-24,44,48,42.9,51.8
2021-11-24,42,47,42.9,51.8
2021-11-24,42,47,42.9,51.8
2021-11-25,45,48,42.9,51.8
2021-11-25,45,48,42.9,51.8
2021-11-26,45,48,42.9,51.8
2021-11-26,45,48,42.9,51.8
2021-11-27,44,48,42.9,51.8
2021-11-27,44,48,42.9,51.8
2021-11-27,46,49,42.9,51.8
2021-11-27,46,49,42.9,51.8
2021-11-28,42,57,42.9,51.8
2021-11-28,44,49,42.9,51.8
2021-11-28,44,49,42.9,51.8
2021-11-28,42,57,42.9,51.8
2021-11-29,43,56,42.7,51.4
2021-11-29,44,48,42.7,51.4
2021-11-29,44,48,42.7,51.4
2021-11-29,36.3,59.1,42.7,51.4
2021-11-29,36.3,59.1,42.7,51.4
2021-11-29,43,56,42.7,51.4
2021-11-30,44,49,42.9,51.3
2021-11-30,44,49,42.9,51.3
2021-11-30,45,52,42.9,51.3
2021-11-30,43,56,42.9,51.3
2021-11-30,45,52,42.9,51.3
2021-11-30,41,49,42.9,51.3
2021-11-30,43,52,42.9,51.3
2021-11-30,43,56,42.9,51.3
2021-11-30,44,50,42.9,51.3
2021-11-30,46,48,42.9,51.3
2021-11-30,46,48,42.9,51.3
2021-11-30,41,49,42.9,51.3
2021-11-30,43,52,42.9,51.3
2021-12-01,44,49,42.3,51.5
2021-12-01,43,56,42.3,51.5
2021-12-01,44,49,42.3,51.5
2021-12-01,42,51,42.3,51.5
2021-12-01,43,56,42.3,51.5
2021-12-01,42,51,42.3,51.5
2021-12-02,44,49,42.6,51.6
2021-12-02,42,57,42.6,51.6
2021-12-02,46,49,42.6,51.6
2021-12-02,42,57,42.6,51.6
2021-12-02,45,51,42.6,51.6
2021-12-02,46,49,42.6,51.6
2021-12-02,45,51,42.6,51.6
2021-12-02,44,49,42.6,51.6
2021-12-03,44,49,42.6,51.6
2021-12-03,44,49,42.6,51.6
2021-12-03,46,48,42.6,51.6
2021-12-03,46,48,42.6,51.6
2021-12-04,43,43,42.6,51.6
2021-12-04,44,49,42.6,51.6
2021-12-04,41,50,42.6,51.6
2021-12-04,41,50,42.6,51.6
2021-12-04,43,43,42.6,51.6
2021-12-04,44,49,42.6,51.6
2021-12-05,42,56,42.6,51.6
2021-12-05,42,56,42.6,51.6
2021-12-05,44,55,42.6,51.6
2021-12-05,44,49,42.6,51.6
2021-12-05,37,45,42.6,51.6
2021-12-05,44,49,42.6,51.6
2021-12-05,37,45,42.6,51.6
2021-12-05,44,55,42.6,51.6
2021-12-06,40,50,42.7,50.9
2021-12-06,45,52,42.7,50.9
2021-12-06,44,49,42.7,50.9
2021-12-06,45,52,42.7,50.9
2021-12-06,50,46,42.7,50.9
2021-12-06,40,50,42.7,50.9
2021-12-06,42,56,42.7,50.9
2021-12-06,42,51,42.7,50.9
2021-12-06,45,51,42.7,50.9
2021-12-06,44,49,42.7,50.9
2021-12-06,43,51,42.7,50.9
2021-12-06,40,50,42.7,50.9
2021-12-06,42,51,42.7,50.9
2021-12-06,50,46,42.7,50.9
2021-12-06,45,51,42.7,50.9
2021-12-06,47.3,48,42.7,50.9
2021-12-06,42,56,42.7,50.9
2021-12-06,47.3,48,42.7,50.9
2021-12-07,42,57,42.8,51.3
2021-12-07,39,52,42.8,51.3
2021-12-07,45,50,42.8,51.3
2021-12-07,48,51,42.8,51.3
2021-12-07,44,48,42.8,51.3
2021-12-07,45,55,42.8,51.3
2021-12-07,47,47,42.8,51.3
2021-12-07,44,48,42.8,51.3
2021-12-07,45,50,42.8,51.3
2021-12-07,42,53,42.8,51.3
2021-12-07,42,57,42.8,51.3
2021-12-07,45,55,42.8,51.3
2021-12-07,47,47,42.8,51.3
2021-12-07,39,52,42.8,51.3
2021-12-07,48,51,42.8,51.3
2021-12-08,45,49,42.5,51.3
2021-12-08,42,56,42.5,51.3
2021-12-08,44,48,42.5,51.3
2021-12-08,42,56,42.5,51.3
2021-12-08,45,49,42.5,51.3
2021-12-08,44,48,42.5,51.3
2021-12-09,46,51,42.6,51
2021-12-09,46,51,42.6,51
2021-12-09,44,49,42.6,51
2021-12-09,49,47,42.6,51
2021-12-09,43,56,42.6,51
2021-12-09,49,47,42.6,51
2021-12-09,44,49,42.6,51
2021-12-09,43,56,42.6,51
2021-12-10,48,48,43,50.7
2021-12-10,44,49,43,50.7
2021-12-10,41,53,43,50.7
2021-12-10,44,49,43,50.7
2021-12-10,41,53,43,50.7
2021-12-10,48,48,43,50.7
2021-12-11,44,48,43,50.7
2021-12-11,44,48,43,50.7
2021-12-12,44,48,43,50.7
2021-12-12,48,52,43,50.7
2021-12-12,43,56,43,50.7
2021-12-12,49,51,43,50.7
2021-12-12,43,56,43,50.7
2021-12-12,49,51,43,50.7
2021-12-12,44,48,43,50.7
2021-12-13,46,51,43.1,50.7
2021-12-13,41,53,43.1,50.7
2021-12-13,41,55,43.1,50.7
2021-12-13,48,51,43.1,50.7
2021-12-13,41,57,43.1,50.7
2021-12-13,44,48,43.1,50.7
2021-12-13,48,51,43.1,50.7
2021-12-13,41,53,43.1,50.7
2021-12-13,46,51,43.1,50.7
2021-12-13,44,48,43.1,50.7
2021-12-13,41,57,43.1,50.7
2021-12-13,41,55,43.1,50.7
2021-12-13,42,54,43.1,50.7
2021-12-13,42,55,43.1,50.7
2021-12-14,44,48,43.3,50.7
2021-12-14,44,48,43.3,50.7
2021-12-14,41,50,43.3,50.7
2021-12-14,47,51,43.3,50.7
2021-12-14,41,50,43.3,50.7
2021-12-14,42,56,43.3,50.7
2021-12-14,43,51,43.3,50.7
2021-12-14,42,56,43.3,50.7
2021-12-14,47,51,43.3,50.7
2021-12-15,40,58,43.8,50.6
2021-12-15,44,48,43.8,50.6
2021-12-15,44,48,43.8,50.6
2021-12-15,42,52,43.8,50.6
2021-12-15,42,52,43.8,50.6
2021-12-15,40,58,43.8,50.6
2021-12-16,43,51,43.7,50.7
2021-12-16,44,48,43.7,50.7
2021-12-16,43,51,43.7,50.7
2021-12-16,41,58,43.7,50.7
2021-12-16,41,58,43.7,50.7
2021-12-16,44,48,43.7,50.7
2021-12-17,48,48,43.9,50.5
2021-12-17,41,53,43.9,50.5
2021-12-17,41,53,43.9,50.5
2021-12-17,44,48,43.9,50.5
2021-12-17,44,48,43.9,50.5
2021-12-17,46.3,52.1,43.9,50.5
2021-12-17,48,48,43.9,50.5
2021-12-17,48,46,43.9,50.5
2021-12-17,48,46,43.9,50.5
2021-12-17,46.3,52.1,43.9,50.5
2021-12-18,44,48,43.9,50.5
2021-12-18,41,44,43.9,50.5
2021-12-18,41,44,43.9,50.5
2021-12-18,44,48,43.9,50.5
2021-12-19,45,48,43.9,50.5
2021-12-19,41,58,43.9,50.5
2021-12-19,41,57,43.9,50.5
2021-12-19,41,57,43.9,50.5
2021-12-19,45,48,43.9,50.5
2021-12-19,41,58,43.9,50.5
2021-12-20,43.5,52.5,43.5,51.9
2021-12-20,41,53,43.5,51.9
2021-12-20,44,56,43.5,51.9
2021-12-20,43.5,52.5,43.5,51.9
2021-12-20,46,49,43.5,51.9
2021-12-20,46,49,43.5,51.9
2021-12-20,44,56,43.5,51.9
2021-12-20,42,57,43.5,51.9
2021-12-20,45,48,43.5,51.9
2021-12-20,41,53,43.5,51.9
2021-12-20,46,49,43.5,51.9
2021-12-20,42,57,43.5,51.9
2021-12-20,45,48,43.5,51.9
2021-12-21,45,48,43.7,51.8
2021-12-21,40.4,55.9,43.7,51.8
2021-12-21,42,57,43.7,51.8
2021-12-21,39,49,43.7,51.8
2021-12-21,45,48,43.7,51.8
2021-12-21,42,50,43.7,51.8
2021-12-21,40.4,55.9,43.7,51.8
2021-12-21,39,49,43.7,51.8
2021-12-21,42,57,43.7,51.8
2021-12-22,41,53,43.4,51.4
2021-12-22,44,49,43.4,51.4
2021-12-22,41,57,43.4,51.4
2021-12-22,41,57,43.4,51.4
2021-12-22,44,49,43.4,51.4
2021-12-22,41,53,43.4,51.4
2021-12-22,49.7,48.4,43.4,51.4
2021-12-22,49.7,48.4,43.4,51.4
2021-12-23,45,48,43.3,51.5
2021-12-23,45,48,43.3,51.5
2021-12-24,45,48,43.3,51.5
2021-12-24,45,48,43.3,51.5
2021-12-25,44,48,43.3,51.5
2021-12-25,44,48,43.3,51.5
2021-12-26,44,49,43.3,51.5
2021-12-26,44,49,43.3,51.5
2021-12-26,40,58,43.3,51.5
2021-12-26,40,58,43.3,51.5
2021-12-27,44,48,43,51.7
2021-12-27,41,58,43,51.7
2021-12-27,44,48,43,51.7
2021-12-27,41,58,43,51.7
2021-12-28,44,49,43.1,51.7
2021-12-28,44,49,43.1,51.7
2021-12-28,41,58,43.1,51.7
2021-12-28,41,58,43.1,51.7
2021-12-29,43,56,43.1,51.8
2021-12-29,44,49,43.1,51.8
2021-12-29,44,49,43.1,51.8
2021-12-29,43,56,43.1,51.8
2021-12-29,43,54,43.1,51.8
2021-12-29,43,54,43.1,51.8
2021-12-30,43,49,43.4,51.6
2021-12-30,43,49,43.4,51.6
2021-12-30,42,57,43.4,51.6
2021-12-30,40.2,54.3,43.4,51.6
2021-12-30,40.2,54.3,43.4,51.6
2021-12-30,42,57,43.4,51.6
2021-12-31,43,49,43.3,51.6
2021-12-31,43,49,43.3,51.6
2022-01-01,43,50,43.3,51.6
2022-01-01,43,50,43.3,51.6
2022-01-02,40,59,43.3,51.6
2022-01-02,42,50,43.3,51.6
2022-01-02,42,50,43.3,51.6
2022-01-02,40,59,43.3,51.6
2022-01-03,40,58,43.5,51.6
2022-01-03,40,58,43.5,51.6
2022-01-03,42,50,43.5,51.6
2022-01-03,42,50,43.5,51.6
2022-01-04,42,50,43.3,51.7
2022-01-04,42,50,43.3,51.7
2022-01-04,40,50,43.3,51.7
2022-01-04,40,50,43.3,51.7
2022-01-04,41,58,43.3,51.7
2022-01-04,42,50,43.3,51.7
2022-01-04,42,50,43.3,51.7
2022-01-04,41,58,43.3,51.7
2022-01-04,43,51,43.3,51.7
2022-01-05,43,57,43.1,51.6
2022-01-05,43,57,43.1,51.6
2022-01-05,43,50,43.1,51.6
2022-01-05,43,50,43.1,51.6
2022-01-05,42,50,43.1,51.6
2022-01-05,42,50,43.1,51.6
2022-01-06,45,51,42.9,51.7
2022-01-06,41,58,42.9,51.7
2022-01-06,43,49,42.9,51.7
2022-01-06,43,49,42.9,51.7
2022-01-06,45,51,42.9,51.7
2022-01-06,41,58,42.9,51.7
2022-01-07,43,49,42.9,51.9
2022-01-07,41,52,42.9,51.9
2022-01-07,41,52,42.9,51.9
2022-01-07,43,49,42.9,51.9
2022-01-08,43,49,42.9,51.9
2022-01-08,43,49,42.9,51.9
2022-01-09,44,45,42.9,51.9
2022-01-09,43,51,42.9,51.9
2022-01-09,44,50,42.9,51.9
2022-01-09,43,51,42.9,51.9
2022-01-09,41,59,42.9,51.9
2022-01-09,39,44,42.9,51.9
2022-01-09,39,44,42.9,51.9
2022-01-09,44,53,42.9,51.9
2022-01-09,43,49,42.9,51.9
2022-01-09,44,50,42.9,51.9
2022-01-09,43,49,42.9,51.9
2022-01-09,41,59,42.9,51.9
2022-01-09,44,45,42.9,51.9
2022-01-10,47,51,43.1,51.5
2022-01-10,43,49,43.1,51.5
2022-01-10,40,59,43.1,51.5
2022-01-10,42.1,57.7,43.1,51.5
2022-01-10,47,51,43.1,51.5
2022-01-10,35,54,43.1,51.5
2022-01-10,33,53,43.1,51.5
2022-01-10,40,59,43.1,51.5
2022-01-10,33,53,43.1,51.5
2022-01-10,43,49,43.1,51.5
2022-01-10,42.1,57.7,43.1,51.5
2022-01-11,43,50,43,51.6
2022-01-11,43,49,43,51.6
2022-01-11,45,51,43,51.6
2022-01-11,40,58,43,51.6
2022-01-11,40,58,43,51.6
2022-01-11,43,50,43,51.6
2022-01-11,43,49,43,51.6
2022-01-12,43,49,42.2,51.6
2022-01-12,39,59,42.2,51.6
2022-01-12,39,59,42.2,51.6
2022-01-12,43,49,42.2,51.6
2022-01-13,38,60,42.4,51.4
2022-01-13,45,50,42.4,51.4
2022-01-13,38,60,42.4,51.4
2022-01-13,43,48,42.4,51.4
2022-01-13,45,50,42.4,51.4
2022-01-13,43,48,42.4,51.4
2022-01-14,44,50,42.2,51.5
2022-01-14,44,56,42.2,51.5
2022-01-14,44,50,42.2,51.5
2022-01-14,43,49,42.2,51.5
2022-01-14,44,56,42.2,51.5
2022-01-14,43,49,42.2,51.5
2022-01-15,38.7,59.2,42.2,51.5
2022-01-15,38.7,59.2,42.2,51.5
2022-01-15,43,49,42.2,51.5
2022-01-15,43,49,42.2,51.5
2022-01-16,40,56,42.5,52.1
2022-01-16,41,52,42.5,52.1
2022-01-16,41,52,42.5,52.1
2022-01-16,39,60,42.5,52.1
2022-01-16,40,56,42.5,52.1
2022-01-16,43,49,42.5,52.1
2022-01-16,40,56,42.5,52.1
2022-01-16,40,56,42.5,52.1
2022-01-16,39,60,42.5,52.1
2022-01-16,43,49,42.5,52.1
2022-01-17,41,58,42.5,52.1
2022-01-17,43,49,42.5,52.1
2022-01-17,45,52,42.5,52.1
2022-01-17,45,52,42.5,52.1
2022-01-17,43,49,42.5,52.1
2022-01-17,41,58,42.5,52.1
2022-01-18,41,57,42.3,52.4
2022-01-18,39,51,42.3,52.4
2022-01-18,43,49,42.3,52.4
2022-01-18,43,49,42.3,52.4
2022-01-18,43,56,42.3,52.4
2022-01-18,43,54,42.3,52.4
2022-01-18,43,56,42.3,52.4
2022-01-18,41,57,42.3,52.4
2022-01-18,41,58,42.3,52.4
2022-01-18,39,51,42.3,52.4
2022-01-18,41,58,42.3,52.4
2022-01-18,42,53,42.3,52.4
2022-01-18,44,54,42.3,52.4
2022-01-18,43,54,42.3,52.4
2022-01-19,43,49,41.9,52.5
2022-01-19,40,58,41.9,52.5
2022-01-19,47,52,41.9,52.5
2022-01-19,40,58,41.9,52.5
2022-01-19,43,49,41.9,52.5
2022-01-19,47,52,41.9,52.5
2022-01-20,41,58,41.9,53.4
2022-01-20,43,53,41.9,53.4
2022-01-20,43,52,41.9,53.4
2022-01-20,43,52,41.9,53.4
2022-01-20,43,53,41.9,53.4
2022-01-20,43,53,41.9,53.4
2022-01-20,41,58,41.9,53.4
2022-01-21,NA,NA,41.9,53.5
2022-01-22,NA,NA,41.9,53.5
2022-01-23,40,59,42.3,53.4
2022-01-23,40,59,42.3,53.4
2022-01-24,NA,NA,42.3,53.4
