id,hc-key,kreis,typ,bundesland,einwohner,lat,lon,covid,beatmet,standorte,frei,belegt,stand,anteil,color
null,null,null,null,null,null,null,null,300,null,null,null,null,null,null,null
1001,de-sh-01001000,Flensburg,Kreisfreie Stadt,Schleswig-Holstein,89504,54.78499338,9.438528355,2,0,2,14,28,24.1.2022,33.3,#595949
1002,de-sh-01002000,Kiel,Kreisfreie Stadt,Schleswig-Holstein,247548,54.32484069,10.13224436,14,7,3,31,107,24.1.2022,22.5,#595949
1003,de-sh-01003000,Lübeck,Kreisfreie Stadt,Schleswig-Holstein,217198,53.87231673,10.72728311,6,5,2,14,114,24.1.2022,10.9,#595949
1004,de-sh-01004000,Neumünster,Kreisfreie Stadt,Schleswig-Holstein,79487,54.08112444,9.984481955,4,3,1,5,20,24.1.2022,20,#595949
1051,de-sh-01051000,Dithmarschen,Kreis,Schleswig-Holstein,133210,54.13291096,9.107814479,4,3,1,3,37,24.1.2022,7.5,#595949
1053,de-sh-01053000,Herzogtum Lauenburg,Kreis,Schleswig-Holstein,197264,53.58900242,10.60185922,1,1,2,6,12,24.1.2022,33.3,#595949
1054,de-sh-01054000,Nordfriesland,Kreis,Schleswig-Holstein,165507,54.609564,8.886887793,0,0,3,10,14,24.1.2022,41.7,#595949
1055,de-sh-01055000,Ostholstein,Kreis,Schleswig-Holstein,200581,54.18964903,10.81942702,0,0,3,11,40,24.1.2022,21.6,#595949
1056,de-sh-01056000,Pinneberg,Kreis,Schleswig-Holstein,314391,53.71808407,9.7368667,1,1,2,7,27,24.1.2022,20.6,#595949
1057,de-sh-01057000,Plön,Kreis,Schleswig-Holstein,128647,54.24338859,10.36369516,1,1,1,5,7,24.1.2022,41.7,#595949
1058,de-sh-01058000,Rendsburg-Eckernförde,Kreis,Schleswig-Holstein,272775,54.28961574,9.781742068,5,2,3,10,34,24.1.2022,22.7,#595949
1059,de-sh-01059000,Schleswig-Flensburg,Kreis,Schleswig-Holstein,200025,54.61901956,9.488709215,4,1,1,0,24,24.1.2022,0,#595949
1060,de-sh-01060000,Segeberg,Kreis,Schleswig-Holstein,276032,53.91998574,10.14091472,4,3,3,24,62,24.1.2022,27.9,#595949
1061,de-sh-01061000,Steinburg,Kreis,Schleswig-Holstein,131347,53.936518,9.509892,2,0,1,17,26,24.1.2022,39.5,#595949
1062,de-sh-01062000,Stormarn,Kreis,Schleswig-Holstein,243196,53.72080057,10.33163988,7,6,3,9,21,24.1.2022,30,#595949
2000,de-hh-02000000,Hamburg,Kreisfreie Stadt,Hamburg,1841179,53.54637735,10.02079442,77,44,24,129,442,24.1.2022,22.6,#595949
3101,de-ni-03101000,Braunschweig,Kreisfreie Stadt,Niedersachsen,248292,52.27522109,10.52410806,3,2,5,27,105,24.1.2022,20.5,#595949
3102,de-ni-03102000,Salzgitter,Kreisfreie Stadt,Niedersachsen,104948,52.12447444,10.37072623,1,0,2,6,22,24.1.2022,21.4,#595949
3103,de-ni-03103000,Wolfsburg,Kreisfreie Stadt,Niedersachsen,124151,52.41074739,10.78487077,2,1,1,12,19,24.1.2022,38.7,#595949
3151,de-ni-03151000,Gifhorn,Landkreis,Niedersachsen,175920,52.58025623,10.60417046,4,3,1,0,12,24.1.2022,0,#595949
3153,de-ni-03153000,Goslar,Landkreis,Niedersachsen,137014,51.87467716,10.40039267,2,0,3,2,22,24.1.2022,8.3,#595949
3154,de-ni-03154000,Helmstedt,Landkreis,Niedersachsen,91307,52.26074433,10.88883872,1,0,1,1,16,24.1.2022,5.9,#595949
3155,de-ni-03155000,Northeim,Landkreis,Niedersachsen,132765,51.74258733,9.848008931,1,1,2,4,14,24.1.2022,22.2,#595949
3157,de-ni-03157000,Peine,Landkreis,Niedersachsen,133965,52.30419133,10.25528781,2,1,1,5,11,24.1.2022,31.2,#595949
3158,de-ni-03158000,Wolfenbüttel,Landkreis,Niedersachsen,119960,52.12699752,10.5839538,0,0,1,4,12,24.1.2022,25,#595949
3159,de-ni-03159000,Göttingen,Landkreis,Niedersachsen,328074,51.49893902,9.926235131,13,12,7,38,105,24.1.2022,26.6,#595949
3241,de-ni-03241000,Region Hannover,Landkreis,Niedersachsen,1157624,52.42193707,9.719799048,30,24,16,63,334,24.1.2022,15.9,#595949
3251,de-ni-03251000,Diepholz,Landkreis,Niedersachsen,216886,52.72848578,8.701799136,0,0,3,5,12,24.1.2022,29.4,#595949
3252,de-ni-03252000,Hameln-Pyrmont,Landkreis,Niedersachsen,148559,52.09513819,9.389895452,0,0,4,14,62,24.1.2022,18.4,#595949
3254,de-ni-03254000,Hildesheim,Landkreis,Niedersachsen,276594,52.090219,9.943480972,1,0,4,23,51,24.1.2022,31.1,#595949
3255,de-ni-03255000,Holzminden,Landkreis,Niedersachsen,70975,51.88063258,9.55140269,2,0,1,0,9,24.1.2022,0,#595949
3256,de-ni-03256000,Nienburg (Weser),Landkreis,Niedersachsen,121386,52.60922281,9.114312927,0,0,1,3,13,24.1.2022,18.8,#595949
3257,de-ni-03257000,Schaumburg,Landkreis,Niedersachsen,157781,52.29279233,9.206561905,3,0,1,3,21,24.1.2022,12.5,#595949
3351,de-ni-03351000,Celle,Landkreis,Niedersachsen,178936,52.71334323,10.10356616,1,0,1,5,26,24.1.2022,16.1,#595949
3352,de-ni-03352000,Cuxhaven,Landkreis,Niedersachsen,198213,53.6165865,8.812382372,1,1,2,6,9,24.1.2022,40,#595949
3353,de-ni-03353000,Harburg,Landkreis,Niedersachsen,252776,53.31577342,9.962738848,3,1,3,5,29,24.1.2022,14.7,#595949
3354,de-ni-03354000,Lüchow-Dannenberg,Landkreis,Niedersachsen,48424,53.01987172,11.12291989,0,0,1,1,5,24.1.2022,16.7,#595949
3355,de-ni-03355000,Lüneburg,Landkreis,Niedersachsen,183372,53.23257535,10.57325692,3,0,1,8,33,24.1.2022,19.5,#595949
3356,de-ni-03356000,Osterholz,Landkreis,Niedersachsen,113517,53.25100673,8.808080932,0,0,2,2,8,24.1.2022,20,#595949
3357,de-ni-03357000,Rotenburg (Wümme),Landkreis,Niedersachsen,163455,53.25075839,9.306584838,4,1,2,10,26,24.1.2022,27.8,#595949
3358,de-ni-03358000,Heidekreis,Landkreis,Niedersachsen,139755,52.92833009,9.769411359,2,0,2,3,19,24.1.2022,13.6,#595949
3359,de-ni-03359000,Stade,Landkreis,Niedersachsen,203102,53.57897623,9.41807039,4,2,2,4,27,24.1.2022,12.9,#595949
3360,de-ni-03360000,Uelzen,Landkreis,Niedersachsen,92572,52.98363494,10.54758105,3,1,2,3,73,24.1.2022,3.9,#595949
3361,de-ni-03361000,Verden,Landkreis,Niedersachsen,136792,52.97323565,9.1754645,1,0,2,6,9,24.1.2022,40,#595949
3401,de-ni-03401000,Delmenhorst,Kreisfreie Stadt,Niedersachsen,77607,53.0494044,8.645682931,1,1,1,4,12,24.1.2022,25,#595949
3402,de-ni-03402000,Emden,Kreisfreie Stadt,Niedersachsen,50195,53.36067907,7.181584115,1,0,1,5,12,24.1.2022,29.4,#595949
3403,de-ni-03403000,Oldenburg (Oldb),Kreisfreie Stadt,Niedersachsen,168210,53.14457817,8.224359039,9,4,3,13,105,24.1.2022,11,#595949
3404,de-ni-03404000,Osnabrück,Kreisfreie Stadt,Niedersachsen,164748,52.27767982,8.04703291,11,8,4,16,107,24.1.2022,13,#595949
3405,de-ni-03405000,Wilhelmshaven,Kreisfreie Stadt,Niedersachsen,76278,53.56594481,8.086204629,1,0,1,13,18,24.1.2022,41.9,#595949
3451,de-ni-03451000,Ammerland,Landkreis,Niedersachsen,124071,53.21848817,8.013262266,0,0,2,8,25,24.1.2022,24.2,#595949
3452,de-ni-03452000,Aurich,Landkreis,Niedersachsen,189848,53.49643077,7.368089581,0,0,3,7,30,24.1.2022,18.9,#595949
3453,de-ni-03453000,Cloppenburg,Landkreis,Niedersachsen,169348,52.91102902,7.904713938,1,0,3,6,18,24.1.2022,25,#595949
3454,de-ni-03454000,Emsland,Landkreis,Niedersachsen,325657,52.73829702,7.402688652,6,1,6,35,57,24.1.2022,38,#595949
3455,de-ni-03455000,Friesland,Landkreis,Niedersachsen,98460,53.51036297,7.983247462,1,0,2,6,25,24.1.2022,19.4,#595949
3456,de-ni-03456000,Grafschaft Bentheim,Landkreis,Niedersachsen,136511,52.47605341,7.019856762,1,1,1,2,25,24.1.2022,7.4,#595949
3457,de-ni-03457000,Leer,Landkreis,Niedersachsen,169809,53.24354174,7.469761641,0,0,4,12,17,24.1.2022,41.4,#595949
3458,de-ni-03458000,Oldenburg,Landkreis,Niedersachsen,130144,52.98807691,8.389396566,0,0,1,0,9,24.1.2022,0,#595949
3459,de-ni-03459000,Osnabrück,Landkreis,Niedersachsen,357343,52.38161392,8.045157342,2,1,6,14,85,24.1.2022,14.1,#595949
3460,de-ni-03460000,Vechta,Landkreis,Niedersachsen,141598,52.66029015,8.223057943,2,1,3,10,26,24.1.2022,27.8,#595949
3461,de-ni-03461000,Wesermarsch,Landkreis,Niedersachsen,88624,53.35764176,8.388646231,1,0,2,6,8,24.1.2022,42.9,#595949
3462,de-ni-03462000,Wittmund,Landkreis,Niedersachsen,56882,53.57341374,7.706123551,0,0,1,0,8,24.1.2022,0,#595949
4011,de-ni-04011000,Bremen,Kreisfreie Stadt,Bremen,569352,53.11954347,8.780493747,20,13,8,13,141,24.1.2022,8.4,#595949
4012,de-hb-04012000,Bremerhaven,Kreisfreie Stadt,Bremen,113634,53.53816629,8.588505224,4,4,3,20,35,24.1.2022,36.4,#595949
5111,de-nw-05111000,Düsseldorf,Kreisfreie Stadt,Nordrhein-Westfalen,619294,51.23545696,6.810202624,31,21,11,19,276,24.1.2022,6.4,#595949
5112,de-nw-05112000,Duisburg,Kreisfreie Stadt,Nordrhein-Westfalen,498590,51.43961577,6.73469185,11,6,9,41,144,24.1.2022,22.2,#595949
5113,de-nw-05113000,Essen,Kreisfreie Stadt,Nordrhein-Westfalen,583109,51.43383277,7.017153916,27,13,12,50,326,24.1.2022,13.3,#595949
5114,de-nw-05114000,Krefeld,Kreisfreie Stadt,Nordrhein-Westfalen,227020,51.34521914,6.579668006,5,2,4,16,71,24.1.2022,18.4,#595949
5116,de-nw-05116000,Mönchengladbach,Kreisfreie Stadt,Nordrhein-Westfalen,261454,51.1671936,6.411974474,13,6,4,11,78,24.1.2022,12.4,#595949
5117,de-nw-05117000,Mülheim an der Ruhr,Kreisfreie Stadt,Nordrhein-Westfalen,170880,51.41378149,6.878461621,7,3,2,7,27,24.1.2022,20.6,#595949
5119,de-nw-05119000,Oberhausen,Kreisfreie Stadt,Nordrhein-Westfalen,210829,51.51313135,6.847120498,7,2,4,19,48,24.1.2022,28.4,#595949
5120,de-nw-05120000,Remscheid,Kreisfreie Stadt,Nordrhein-Westfalen,110994,51.1826933,7.224115652,1,0,1,3,25,24.1.2022,10.7,#595949
5122,de-nw-05122000,Solingen,Kreisfreie Stadt,Nordrhein-Westfalen,159360,51.16245516,7.066069733,15,12,3,11,60,24.1.2022,15.5,#595949
5124,de-nw-05124000,Wuppertal,Kreisfreie Stadt,Nordrhein-Westfalen,354382,51.25060361,7.168930082,12,11,5,21,125,24.1.2022,14.4,#595949
5154,de-nw-05154000,Kleve,Kreis,Nordrhein-Westfalen,310974,51.65236313,6.258809085,3,0,5,21,50,24.1.2022,29.6,#595949
5158,de-nw-05158000,Mettmann,Kreis,Nordrhein-Westfalen,485684,51.25710435,6.969065183,6,3,6,15,46,24.1.2022,24.6,#595949
5162,de-nw-05162000,Rhein-Kreis Neuss,Kreis,Nordrhein-Westfalen,451007,51.14357124,6.649323167,6,3,5,17,82,24.1.2022,17.2,#595949
5166,de-nw-05166000,Viersen,Kreis,Nordrhein-Westfalen,298935,51.28282024,6.326120513,1,1,4,7,29,24.1.2022,19.4,#595949
5170,de-nw-05170000,Wesel,Kreis,Nordrhein-Westfalen,459809,51.62704254,6.618362629,12,6,8,33,93,24.1.2022,26.2,#595949
5314,de-nw-05314000,Bonn,Kreisfreie Stadt,Nordrhein-Westfalen,327258,50.70573462,7.10983941,20,13,11,19,271,24.1.2022,6.6,#595949
5315,de-nw-05315000,Köln,Kreisfreie Stadt,Nordrhein-Westfalen,1085664,50.94566688,6.973218552,32,20,18,25,382,24.1.2022,6.1,#595949
5316,de-nw-05316000,Leverkusen,Kreisfreie Stadt,Nordrhein-Westfalen,163838,51.05306626,7.015474111,1,1,2,15,54,24.1.2022,21.7,#595949
5334,de-nw-05334000,Städteregion Aachen,Kreis,Nordrhein-Westfalen,555465,50.72750461,6.216727218,10,5,7,28,245,24.1.2022,10.3,#595949
5358,de-nw-05358000,Düren,Kreis,Nordrhein-Westfalen,263722,50.81789505,6.44556161,3,1,4,9,53,24.1.2022,14.5,#595949
5362,de-nw-05362000,Rhein-Erft-Kreis,Kreis,Nordrhein-Westfalen,470089,50.90493303,6.716491019,5,4,6,7,49,24.1.2022,12.5,#595949
5366,de-nw-05366000,Euskirchen,Kreis,Nordrhein-Westfalen,192840,50.53647317,6.644151912,0,0,3,6,24,24.1.2022,20,#595949
5370,de-nw-05370000,Heinsberg,Kreis,Nordrhein-Westfalen,254322,51.04934891,6.164112924,3,1,3,0,40,24.1.2022,0,#595949
5374,de-nw-05374000,Oberbergischer Kreis,Kreis,Nordrhein-Westfalen,272471,51.0127092,7.516628817,10,6,6,19,63,24.1.2022,23.2,#595949
5378,de-nw-05378000,Rheinisch-Bergischer Kreis,Kreis,Nordrhein-Westfalen,283455,51.02300443,7.194846538,4,2,4,5,33,24.1.2022,13.2,#595949
5382,de-nw-05382000,Rhein-Sieg-Kreis,Kreis,Nordrhein-Westfalen,599780,50.76063891,7.234573028,7,2,6,6,79,24.1.2022,7.1,#595949
5512,de-nw-05512000,Bottrop,Kreisfreie Stadt,Nordrhein-Westfalen,117383,51.57169383,6.920116178,2,1,2,16,27,24.1.2022,37.2,#595949
5513,de-nw-05513000,Gelsenkirchen,Kreisfreie Stadt,Nordrhein-Westfalen,260654,51.55395642,7.071240238,3,3,4,20,72,24.1.2022,21.7,#595949
5515,de-nw-05515000,Münster,Kreisfreie Stadt,Nordrhein-Westfalen,314319,51.95431679,7.623646795,12,7,7,12,197,24.1.2022,5.7,#595949
5554,de-nw-05554000,Borken,Kreis,Nordrhein-Westfalen,370676,51.96131984,6.899615612,6,2,5,22,45,24.1.2022,32.8,#595949
5558,de-nw-05558000,Coesfeld,Kreis,Nordrhein-Westfalen,219929,51.86685104,7.366012233,1,0,3,3,28,24.1.2022,9.7,#595949
5562,de-nw-05562000,Recklinghausen,Kreis,Nordrhein-Westfalen,615261,51.67248392,7.159248939,12,1,14,59,164,24.1.2022,26.5,#595949
5566,de-nw-05566000,Steinfurt,Kreis,Nordrhein-Westfalen,447614,52.21153668,7.579446713,12,3,5,25,81,24.1.2022,23.6,#595949
5570,de-nw-05570000,Warendorf,Kreis,Nordrhein-Westfalen,277783,51.87022279,7.958294933,4,3,5,7,41,24.1.2022,14.6,#595949
5711,de-nw-05711000,Bielefeld,Kreisfreie Stadt,Nordrhein-Westfalen,333786,52.01094862,8.540743897,7,1,4,14,124,24.1.2022,10.1,#595949
5754,de-nw-05754000,Gütersloh,Kreis,Nordrhein-Westfalen,364083,51.93170893,8.351386053,3,2,4,17,33,24.1.2022,34,#595949
5758,de-nw-05758000,Herford,Kreis,Nordrhein-Westfalen,250783,52.16757781,8.643931639,5,4,3,14,44,24.1.2022,24.1,#595949
5762,de-nw-05762000,Höxter,Kreis,Nordrhein-Westfalen,140667,51.68494074,9.178091498,0,0,5,8,27,24.1.2022,22.9,#595949
5766,de-nw-05766000,Lippe,Kreis,Nordrhein-Westfalen,348391,51.98142265,8.950837273,10,6,2,2,48,24.1.2022,4,#595949
5770,de-nw-05770000,Minden-Lübbecke,Kreis,Nordrhein-Westfalen,310710,52.3524755,8.739348393,18,12,6,22,180,24.1.2022,10.9,#595949
5774,de-nw-05774000,Paderborn,Kreis,Nordrhein-Westfalen,306890,51.66417546,8.719635033,19,16,5,15,73,24.1.2022,17,#595949
5911,de-nw-05911000,Bochum,Kreisfreie Stadt,Nordrhein-Westfalen,364628,51.46992737,7.224935232,17,11,6,18,171,24.1.2022,9.5,#595949
5913,de-nw-05913000,Dortmund,Kreisfreie Stadt,Nordrhein-Westfalen,587010,51.51607757,7.474900905,16,7,8,37,245,24.1.2022,13.1,#595949
5914,de-nw-05914000,Hagen,Kreisfreie Stadt,Nordrhein-Westfalen,188814,51.34804507,7.497555538,2,1,5,16,72,24.1.2022,18.2,#595949
5915,de-nw-05915000,Hamm,Kreisfreie Stadt,Nordrhein-Westfalen,179111,51.6651744,7.823586193,5,2,5,33,60,24.1.2022,35.5,#595949
5916,de-nw-05916000,Herne,Kreisfreie Stadt,Nordrhein-Westfalen,156374,51.53753324,7.208557615,7,2,4,10,54,24.1.2022,15.6,#595949
5954,de-nw-05954000,Ennepe-Ruhr-Kreis,Kreis,Nordrhein-Westfalen,324296,51.34684479,7.324029334,5,1,6,51,80,24.1.2022,38.9,#595949
5958,de-nw-05958000,Hochsauerlandkreis,Kreis,Nordrhein-Westfalen,260475,51.30682538,8.385079867,10,5,9,17,73,24.1.2022,18.9,#595949
5962,de-nw-05962000,Märkischer Kreis,Kreis,Nordrhein-Westfalen,412120,51.26261144,7.713008099,6,4,8,27,80,24.1.2022,25.2,#595949
5966,de-nw-05966000,Olpe,Kreis,Nordrhein-Westfalen,134775,51.08615959,7.976477266,3,1,3,12,16,24.1.2022,42.9,#595949
5970,de-nw-05970000,Siegen-Wittgenstein,Kreis,Nordrhein-Westfalen,278210,50.93773864,8.195170269,2,2,5,19,88,24.1.2022,17.8,#595949
5974,de-nw-05974000,Soest,Kreis,Nordrhein-Westfalen,301902,51.5644105,8.217437438,6,2,7,18,69,24.1.2022,20.7,#595949
5978,de-nw-05978000,Unna,Kreis,Nordrhein-Westfalen,394782,51.57857454,7.636444585,7,1,8,3,102,24.1.2022,2.9,#595949
6411,de-he-06411000,Darmstadt,Kreisfreie Stadt,Hessen,159207,49.88144614,8.664681555,6,4,4,26,81,24.1.2022,24.3,#595949
6412,de-he-06412000,Frankfurt am Main,Kreisfreie Stadt,Hessen,753056,50.1179681,8.644190394,42,9,12,42,244,24.1.2022,14.7,#595949
6413,de-he-06413000,Offenbach am Main,Kreisfreie Stadt,Hessen,128744,50.09107877,8.780962265,6,5,2,15,91,24.1.2022,14.2,#595949
6414,de-he-06414000,Wiesbaden,Kreisfreie Stadt,Hessen,278342,50.07915667,8.260366469,15,11,4,14,79,24.1.2022,15.1,#595949
6431,de-he-06431000,Bergstraße,Landkreis,Hessen,269694,49.61770122,8.660116116,4,2,5,6,35,24.1.2022,14.6,#595949
6432,de-he-06432000,Darmstadt-Dieburg,Landkreis,Hessen,297399,49.85550385,8.795469879,16,9,2,0,26,24.1.2022,0,#595949
6433,de-he-06433000,Groß-Gerau,Landkreis,Hessen,274526,49.90450861,8.470252477,3,0,2,1,22,24.1.2022,4.3,#595949
6434,de-he-06434000,Hochtaunuskreis,Landkreis,Hessen,236564,50.28161525,8.504646058,5,4,2,2,20,24.1.2022,9.1,#595949
6435,de-he-06435000,Main-Kinzig-Kreis,Landkreis,Hessen,418950,50.24386452,9.286222992,11,5,4,9,74,24.1.2022,10.8,#595949
6436,de-he-06436000,Main-Taunus-Kreis,Landkreis,Hessen,237735,50.10257891,8.434571215,3,1,2,2,24,24.1.2022,7.7,#595949
6437,de-he-06437000,Odenwaldkreis,Landkreis,Hessen,96798,49.67158617,8.979525239,10,5,2,5,121,24.1.2022,4,#595949
6438,de-he-06438000,Offenbach,Landkreis,Hessen,354092,50.02167746,8.811439146,6,2,2,7,16,24.1.2022,30.4,#595949
6439,de-he-06439000,Rheingau-Taunus-Kreis,Landkreis,Hessen,187157,50.14197172,8.081134713,5,3,2,2,14,24.1.2022,12.5,#595949
6440,de-he-06440000,Wetteraukreis,Landkreis,Hessen,306460,50.35477648,8.907657059,12,10,5,4,61,24.1.2022,6.2,#595949
6531,de-he-06531000,Gießen,Landkreis,Hessen,268876,50.5702779,8.807513717,19,11,4,37,177,24.1.2022,17.3,#595949
6532,de-he-06532000,Lahn-Dill-Kreis,Landkreis,Hessen,253777,50.64826873,8.36532824,1,0,2,1,46,24.1.2022,2.1,#595949
6533,de-he-06533000,Limburg-Weilburg,Landkreis,Hessen,172083,50.42747035,8.199437238,4,4,3,7,43,24.1.2022,14,#595949
6534,de-he-06534000,Marburg-Biedenkopf,Landkreis,Hessen,246648,50.83686383,8.738043768,7,5,3,14,124,24.1.2022,10.1,#595949
6535,de-he-06535000,Vogelsbergkreis,Landkreis,Hessen,105878,50.63811937,9.271379509,1,0,4,12,15,24.1.2022,44.4,#595949
6611,de-he-06611000,Kassel,Kreisfreie Stadt,Hessen,201585,51.31145481,9.46020305,17,7,6,18,124,24.1.2022,12.7,#595949
6631,de-he-06631000,Fulda,Landkreis,Hessen,222584,50.56388099,9.759139165,8,5,3,9,81,24.1.2022,10,#595949
6632,de-he-06632000,Hersfeld-Rotenburg,Landkreis,Hessen,120829,50.90618961,9.752932406,5,1,3,22,38,24.1.2022,36.7,#595949
6633,de-he-06633000,Kassel,Landkreis,Hessen,236633,51.40129614,9.407038916,2,0,4,3,24,24.1.2022,11.1,#595949
6634,de-he-06634000,Schwalm-Eder-Kreis,Landkreis,Hessen,180222,51.02377582,9.373652339,0,0,3,8,21,24.1.2022,27.6,#595949
6635,de-he-06635000,Waldeck-Frankenberg,Landkreis,Hessen,156953,51.19068757,8.88888422,6,5,6,11,71,24.1.2022,13.4,#595949
6636,de-he-06636000,Werra-Meißner-Kreis,Landkreis,Hessen,101017,51.19075638,9.928906207,3,0,3,4,25,24.1.2022,13.8,#595949
7111,de-rp-07111000,Koblenz,Kreisfreie Stadt,Rheinland-Pfalz,114024,50.34851606,7.579551024,8,3,4,31,84,24.1.2022,27,#595949
7131,de-rp-07131000,Ahrweiler,Landkreis,Rheinland-Pfalz,129727,50.46758532,7.044976439,2,2,2,5,14,24.1.2022,26.3,#595949
7132,de-rp-07132000,Altenkirchen (Westerwald),Landkreis,Rheinland-Pfalz,128705,50.75074766,7.74412526,1,1,2,9,7,24.1.2022,56.2,#595949
7133,de-rp-07133000,Bad Kreuznach,Landkreis,Rheinland-Pfalz,158080,49.82482041,7.686664992,2,1,4,15,33,24.1.2022,31.2,#595949
7134,de-rp-07134000,Birkenfeld,Landkreis,Rheinland-Pfalz,80720,49.71254039,7.277654598,0,0,2,9,11,24.1.2022,45,#595949
7135,de-rp-07135000,Cochem-Zell,Landkreis,Rheinland-Pfalz,61587,50.13288001,7.174319965,1,0,2,4,6,24.1.2022,40,#595949
7137,de-rp-07137000,Mayen-Koblenz,Landkreis,Rheinland-Pfalz,214259,50.33160787,7.332169432,5,4,3,10,28,24.1.2022,26.3,#595949
7138,de-rp-07138000,Neuwied,Landkreis,Rheinland-Pfalz,181941,50.55770055,7.46900065,5,4,5,14,53,24.1.2022,20.9,#595949
7140,de-rp-07140000,Rhein-Hunsrück-Kreis,Landkreis,Rheinland-Pfalz,102937,50.04420982,7.500099712,1,1,2,2,12,24.1.2022,14.3,#595949
7141,de-rp-07141000,Rhein-Lahn-Kreis,Landkreis,Rheinland-Pfalz,122308,50.26328174,7.842709936,4,4,5,3,28,24.1.2022,9.7,#595949
7143,de-rp-07143000,Westerwaldkreis,Landkreis,Rheinland-Pfalz,201597,50.55234937,7.865681372,1,0,4,8,22,24.1.2022,26.7,#595949
7211,de-rp-07211000,Trier,Kreisfreie Stadt,Rheinland-Pfalz,110636,49.76293883,6.655051022,2,1,3,11,66,24.1.2022,14.3,#595949
7231,de-rp-07231000,Bernkastel-Wittlich,Landkreis,Rheinland-Pfalz,112262,49.92464518,6.967218622,0,0,2,7,15,24.1.2022,31.8,#595949
7232,de-rp-07232000,Eifelkreis Bitburg-Prüm,Landkreis,Rheinland-Pfalz,98561,50.06215977,6.410129965,2,0,2,5,11,24.1.2022,31.2,#595949
7233,de-rp-07233000,Vulkaneifel,Landkreis,Rheinland-Pfalz,60603,50.23833585,6.748653732,0,0,2,2,14,24.1.2022,12.5,#595949
7235,de-rp-07235000,Trier-Saarburg,Landkreis,Rheinland-Pfalz,148945,49.69647113,6.695195596,0,0,2,5,7,24.1.2022,41.7,#595949
7311,de-rp-07311000,Frankenthal (Pfalz),Kreisfreie Stadt,Rheinland-Pfalz,48561,49.53306403,8.356883799,2,0,1,4,9,24.1.2022,30.8,#595949
7312,de-rp-07312000,Kaiserslautern,Kreisfreie Stadt,Rheinland-Pfalz,99845,49.4328526,7.760674748,4,0,1,8,98,24.1.2022,7.5,#595949
7313,de-rp-07313000,Landau in der Pfalz,Kreisfreie Stadt,Rheinland-Pfalz,46677,49.22449388,8.05060076,4,1,2,5,17,24.1.2022,22.7,#595949
7314,de-rp-07314000,Ludwigshafen am Rhein,Kreisfreie Stadt,Rheinland-Pfalz,171061,49.48208767,8.396844536,11,7,4,17,81,24.1.2022,17.3,#595949
7315,de-rp-07315000,Mainz,Kreisfreie Stadt,Rheinland-Pfalz,217118,49.97418652,8.241497085,5,3,2,11,97,24.1.2022,10.2,#595949
7316,de-rp-07316000,Neustadt an der Weinstraße,Kreisfreie Stadt,Rheinland-Pfalz,53148,49.34187582,8.152287859,1,1,1,1,14,24.1.2022,6.7,#595949
7317,de-rp-07317000,Pirmasens,Kreisfreie Stadt,Rheinland-Pfalz,40403,49.19712709,7.594363165,2,1,1,5,11,24.1.2022,31.2,#595949
7318,de-rp-07318000,Speyer,Kreisfreie Stadt,Rheinland-Pfalz,50378,49.32971814,8.435019749,2,1,2,5,22,24.1.2022,18.5,#595949
7319,de-rp-07319000,Worms,Kreisfreie Stadt,Rheinland-Pfalz,83330,49.64944553,8.324528631,3,1,1,6,44,24.1.2022,12,#595949
7320,de-rp-07320000,Zweibrücken,Kreisfreie Stadt,Rheinland-Pfalz,34209,49.24816069,7.36539389,0,0,1,4,5,24.1.2022,44.4,#595949
7331,de-rp-07331000,Alzey-Worms,Landkreis,Rheinland-Pfalz,129244,49.7594414,8.15718502,0,0,1,4,4,24.1.2022,50,#595949
7332,de-rp-07332000,Bad Dürkheim,Landkreis,Rheinland-Pfalz,132660,49.4530206,8.110304937,2,0,2,10,8,24.1.2022,55.6,#595949
7333,de-rp-07333000,Donnersbergkreis,Landkreis,Rheinland-Pfalz,75101,49.63198305,7.915011327,0,0,2,6,6,24.1.2022,50,#595949
7334,de-rp-07334000,Germersheim,Landkreis,Rheinland-Pfalz,129075,49.11590817,8.24619377,3,2,2,7,14,24.1.2022,33.3,#595949
7335,de-rp-07335000,Kaiserslautern,Landkreis,Rheinland-Pfalz,106057,49.46623,7.547101,1,0,1,7,3,24.1.2022,70,#595949
7336,de-rp-07336000,Kusel,Landkreis,Rheinland-Pfalz,70526,49.54981086,7.471320282,2,0,1,0,16,24.1.2022,0,#595949
7337,de-rp-07337000,Südliche Weinstraße,Landkreis,Rheinland-Pfalz,110356,49.19038234,8.048076004,0,0,2,0,12,24.1.2022,0,#595949
7338,de-rp-07338000,Rhein-Pfalz-Kreis,Landkreis,Rheinland-Pfalz,154201,49.41664998,8.360681086,0,0,0,0,0,NA.NA.NA,10000,#595949
7339,de-rp-07339000,Mainz-Bingen,Landkreis,Rheinland-Pfalz,210889,49.92201388,8.079648751,1,1,1,1,9,24.1.2022,10,#595949
7340,de-rp-07340000,Südwestpfalz,Landkreis,Rheinland-Pfalz,95113,49.20827474,7.65886719,0,0,1,2,5,24.1.2022,28.6,#595949
8111,de-bw-08111000,Stuttgart,Stadtkreis,Baden-Württemberg,634830,48.77453396,9.172067988,33,21,10,40,205,24.1.2022,16.3,#595949
8115,de-bw-08115000,Böblingen,Landkreis,Baden-Württemberg,391640,48.67822563,8.942777301,6,5,4,7,43,24.1.2022,14,#595949
8116,de-bw-08116000,Esslingen,Landkreis,Baden-Württemberg,533859,48.64802168,9.369165728,3,1,4,23,58,24.1.2022,28.4,#595949
8117,de-bw-08117000,Göppingen,Landkreis,Baden-Württemberg,257253,48.66314836,9.717504977,5,4,2,15,29,24.1.2022,34.1,#595949
8118,de-bw-08118000,Ludwigsburg,Landkreis,Baden-Württemberg,543984,48.94060298,9.124344257,21,14,4,2,82,24.1.2022,2.4,#595949
8119,de-bw-08119000,Rems-Murr-Kreis,Landkreis,Baden-Württemberg,426158,48.89900813,9.501212956,6,5,2,23,41,24.1.2022,35.9,#595949
8121,de-bw-08121000,Heilbronn,Stadtkreis,Baden-Württemberg,125960,49.15271959,9.182346901,2,1,1,2,48,24.1.2022,4,#595949
8125,de-bw-08125000,Heilbronn,Landkreis,Baden-Württemberg,343068,49.259267,9.288581,5,5,2,3,47,24.1.2022,6,#595949
8126,de-bw-08126000,Hohenlohekreis,Landkreis,Baden-Württemberg,112010,49.27154614,9.614135781,1,0,1,0,7,24.1.2022,0,#595949
8127,de-bw-08127000,Schwäbisch Hall,Landkreis,Baden-Württemberg,195861,49.14446897,9.908932168,4,1,2,8,42,24.1.2022,16,#595949
8128,de-bw-08128000,Main-Tauber-Kreis,Landkreis,Baden-Württemberg,132321,49.56070071,9.725088401,0,0,3,19,39,24.1.2022,32.8,#595949
8135,de-bw-08135000,Heidenheim,Landkreis,Baden-Württemberg,132472,48.66228146,10.18215043,1,0,1,6,16,24.1.2022,27.3,#595949
8136,de-bw-08136000,Ostalbkreis,Landkreis,Baden-Württemberg,314002,48.87752597,10.09015736,9,5,4,12,60,24.1.2022,16.7,#595949
8211,de-bw-08211000,Baden-Baden,Stadtkreis,Baden-Württemberg,55123,48.74852744,8.231762203,4,3,1,7,15,24.1.2022,31.8,#595949
8212,de-bw-08212000,Karlsruhe,Stadtkreis,Baden-Württemberg,313092,49.01133399,8.41266977,5,5,4,20,94,24.1.2022,17.5,#595949
8215,de-bw-08215000,Karlsruhe,Landkreis,Baden-Württemberg,444232,49.08188493,8.562796642,6,2,3,12,40,24.1.2022,23.1,#595949
8216,de-bw-08216000,Rastatt,Landkreis,Baden-Württemberg,231018,48.890969,8.241583,1,0,2,0,12,24.1.2022,0,#595949
8221,de-bw-08221000,Heidelberg,Stadtkreis,Baden-Württemberg,160355,49.4055153,8.69417185,22,17,6,23,199,24.1.2022,10.4,#595949
8222,de-bw-08222000,Mannheim,Stadtkreis,Baden-Württemberg,309370,49.49941904,8.500324438,19,12,3,13,93,24.1.2022,12.3,#595949
8225,de-bw-08225000,Neckar-Odenwald-Kreis,Landkreis,Baden-Württemberg,143535,49.46660977,9.280110002,2,2,3,11,12,24.1.2022,47.8,#595949
8226,de-bw-08226000,Rhein-Neckar-Kreis,Landkreis,Baden-Württemberg,547625,49.36848493,8.767084426,3,1,4,4,34,24.1.2022,10.5,#595949
8231,de-bw-08231000,Pforzheim,Stadtkreis,Baden-Württemberg,125542,48.87640055,8.712779093,7,4,2,1,55,24.1.2022,1.8,#595949
8235,de-bw-08235000,Calw,Landkreis,Baden-Württemberg,158397,48.67899906,8.635769829,3,0,3,4,22,24.1.2022,15.4,#595949
8236,de-bw-08236000,Enzkreis,Landkreis,Baden-Württemberg,198905,48.91446693,8.737081203,1,1,2,5,7,24.1.2022,41.7,#595949
8237,de-bw-08237000,Freudenstadt,Landkreis,Baden-Württemberg,117935,48.47440617,8.465312971,2,1,1,2,10,24.1.2022,16.7,#595949
8311,de-bw-08311000,Freiburg im Breisgau,Stadtkreis,Baden-Württemberg,230241,47.992523,7.818075962,30,19,4,30,170,24.1.2022,15,#595949
8315,de-bw-08315000,Breisgau-Hochschwarzwald,Landkreis,Baden-Württemberg,262795,47.92490936,7.924940897,2,1,3,3,26,24.1.2022,10.3,#595949
8316,de-bw-08316000,Emmendingen,Landkreis,Baden-Württemberg,165383,48.14851206,7.897550382,8,4,4,2,100,24.1.2022,2,#595949
8317,de-bw-08317000,Ortenaukreis,Landkreis,Baden-Württemberg,429479,48.42097194,8.016219909,14,5,6,19,67,24.1.2022,22.1,#595949
8325,de-bw-08325000,Rottweil,Landkreis,Baden-Württemberg,139455,48.25422029,8.532351332,4,3,2,4,6,24.1.2022,40,#595949
8326,de-bw-08326000,Schwarzwald-Baar-Kreis,Landkreis,Baden-Württemberg,212381,48.01911974,8.410964353,6,0,2,11,47,24.1.2022,19,#595949
8327,de-bw-08327000,Tuttlingen,Landkreis,Baden-Württemberg,140152,48.01120044,8.794136176,4,1,1,1,9,24.1.2022,10,#595949
8335,de-bw-08335000,Konstanz,Landkreis,Baden-Württemberg,285325,47.79321279,8.915763012,0,0,6,24,62,24.1.2022,27.9,#595949
8336,de-bw-08336000,Lörrach,Landkreis,Baden-Württemberg,228639,47.70350402,7.774028828,1,1,2,6,23,24.1.2022,20.7,#595949
8337,de-bw-08337000,Waldshut,Landkreis,Baden-Württemberg,170619,47.69713347,8.218892391,2,1,1,2,8,24.1.2022,20,#595949
8415,de-bw-08415000,Reutlingen,Landkreis,Baden-Württemberg,286748,48.40647635,9.365726299,2,2,1,8,36,24.1.2022,18.2,#595949
8416,de-bw-08416000,Tübingen,Landkreis,Baden-Württemberg,227331,48.4817379,8.987634001,16,13,2,7,93,24.1.2022,7,#595949
8417,de-bw-08417000,Zollernalbkreis,Landkreis,Baden-Württemberg,188935,48.26723891,8.937428398,9,6,2,7,17,24.1.2022,29.2,#595949
8421,de-bw-08421000,Ulm,Stadtkreis,Baden-Württemberg,126329,48.39083274,9.950021135,6,5,4,21,110,24.1.2022,16,#595949
8425,de-bw-08425000,Alb-Donau-Kreis,Landkreis,Baden-Württemberg,196047,48.40171143,9.827447144,1,1,2,4,12,24.1.2022,25,#595949
8426,de-bw-08426000,Biberach,Landkreis,Baden-Württemberg,199742,48.10758263,9.774254366,3,1,1,0,16,24.1.2022,0,#595949
8435,de-bw-08435000,Bodenseekreis,Landkreis,Baden-Württemberg,216227,47.73346029,9.400770014,2,1,3,20,34,24.1.2022,37,#595949
8436,de-bw-08436000,Ravensburg,Landkreis,Baden-Württemberg,284285,47.82504412,9.779894558,12,5,4,15,49,24.1.2022,23.4,#595949
8437,de-bw-08437000,Sigmaringen,Landkreis,Baden-Württemberg,130873,48.0391515,9.241003503,3,2,2,1,11,24.1.2022,8.3,#595949
9161,de-by-09161000,Ingolstadt,Kreisfreie Stadt,Bayern,136981,48.75509278,11.39500693,10,5,1,10,40,24.1.2022,20,#595949
9162,de-by-09162000,München,Kreisfreie Stadt,Bayern,1471508,48.15321316,11.54724418,69,37,24,58,480,24.1.2022,10.8,#595949
9163,de-by-09163000,Rosenheim,Kreisfreie Stadt,Bayern,63324,47.84437772,12.10872475,6,1,1,5,37,24.1.2022,11.9,#595949
9171,de-by-09171000,Altötting,Landkreis,Bayern,111210,48.20980443,12.70528268,4,0,2,7,20,24.1.2022,25.9,#595949
9172,de-by-09172000,Berchtesgadener Land,Landkreis,Bayern,105722,47.6984724,12.90186609,1,0,3,6,16,24.1.2022,27.3,#595949
9173,de-by-09173000,Bad Tölz-Wolfratshausen,Landkreis,Bayern,127227,47.72747715,11.4831154,4,3,2,5,23,24.1.2022,17.9,#595949
9174,de-by-09174000,Dachau,Landkreis,Bayern,153884,48.33454826,11.35711281,5,2,1,3,25,24.1.2022,10.7,#595949
9175,de-by-09175000,Ebersberg,Landkreis,Bayern,142142,48.07617761,11.91317212,0,0,1,0,20,24.1.2022,0,#595949
9176,de-by-09176000,Eichstätt,Landkreis,Bayern,132341,48.89808756,11.37038733,17,4,3,2,46,24.1.2022,4.2,#595949
9177,de-by-09177000,Erding,Landkreis,Bayern,137660,48.30039708,12.0006247,2,1,1,0,19,24.1.2022,0,#595949
9178,de-by-09178000,Freising,Landkreis,Bayern,179116,48.44735698,11.74067169,1,1,1,0,15,24.1.2022,0,#595949
9179,de-by-09179000,Fürstenfeldbruck,Landkreis,Bayern,219320,48.18779329,11.20107762,3,1,1,0,10,24.1.2022,0,#595949
9180,de-by-09180000,Garmisch-Partenkirchen,Landkreis,Bayern,88467,47.55634898,11.12962861,5,1,2,8,50,24.1.2022,13.8,#595949
9181,de-by-09181000,Landsberg am Lech,Landkreis,Bayern,120071,48.02443538,10.94873468,0,0,1,6,8,24.1.2022,42.9,#595949
9182,de-by-09182000,Miesbach,Landkreis,Bayern,99726,47.74164533,11.80898974,3,0,1,5,16,24.1.2022,23.8,#595949
9183,de-by-09183000,Mühldorf a. Inn,Landkreis,Bayern,115250,48.23931452,12.38182802,1,0,1,4,13,24.1.2022,23.5,#595949
9184,de-by-09184000,München,Landkreis,Bayern,348871,48.0744744,11.63136804,0,0,2,0,6,24.1.2022,0,#595949
9185,de-by-09185000,Neuburg-Schrobenhausen,Landkreis,Bayern,96680,48.66442033,11.19721067,0,0,2,11,24,24.1.2022,31.4,#595949
9186,de-by-09186000,Pfaffenhofen a.d. Ilm,Landkreis,Bayern,127151,48.59627518,11.52428271,0,0,1,0,9,24.1.2022,0,#595949
9187,de-by-09187000,Rosenheim,Landkreis,Bayern,260983,47.87837975,12.16275398,10,9,5,9,58,24.1.2022,13.4,#595949
9188,de-by-09188000,Starnberg,Landkreis,Bayern,136092,48.00604698,11.28173267,7,6,5,14,39,24.1.2022,26.4,#595949
9189,de-by-09189000,Traunstein,Landkreis,Bayern,177089,47.89454276,12.57957507,3,1,2,12,39,24.1.2022,23.5,#595949
9190,de-by-09190000,Weilheim-Schongau,Landkreis,Bayern,135348,47.78753703,11.04833647,2,0,3,8,15,24.1.2022,34.8,#595949
9261,de-by-09261000,Landshut,Kreisfreie Stadt,Bayern,72404,48.54466998,12.15934165,4,2,3,7,50,24.1.2022,12.3,#595949
9262,de-by-09262000,Passau,Kreisfreie Stadt,Bayern,52469,48.5820984,13.41505042,2,1,2,12,35,24.1.2022,25.5,#595949
9263,de-by-09263000,Straubing,Kreisfreie Stadt,Bayern,47794,48.88075448,12.57347487,3,1,1,4,23,24.1.2022,14.8,#595949
9271,de-by-09271000,Deggendorf,Landkreis,Bayern,119326,48.77870212,13.0007258,4,3,2,3,29,24.1.2022,9.4,#595949
9272,de-by-09272000,Freyung-Grafenau,Landkreis,Bayern,78355,48.82685817,13.51321006,1,0,2,6,14,24.1.2022,30,#595949
9273,de-by-09273000,Kelheim,Landkreis,Bayern,122258,48.82494143,11.85755444,1,0,3,4,7,24.1.2022,36.4,#595949
9274,de-by-09274000,Landshut,Landkreis,Bayern,158698,48.663172,12.166219,1,1,1,2,2,24.1.2022,50,#595949
9275,de-by-09275000,Passau,Landkreis,Bayern,192043,48.55863045,13.36660359,1,0,2,5,20,24.1.2022,20,#595949
9276,de-by-09276000,Regen,Landkreis,Bayern,77656,49.02281441,13.09976379,1,1,2,4,10,24.1.2022,28.6,#595949
9277,de-by-09277000,Rottal-Inn,Landkreis,Bayern,120659,48.42451987,12.86735043,0,0,2,3,13,24.1.2022,18.8,#595949
9278,de-by-09278000,Straubing-Bogen,Landkreis,Bayern,100649,49.006537,12.690618,2,2,2,5,7,24.1.2022,41.7,#595949
9279,de-by-09279000,Dingolfing-Landau,Landkreis,Bayern,96217,48.64116462,12.61047719,0,0,2,4,8,24.1.2022,33.3,#595949
9361,de-by-09361000,Amberg,Kreisfreie Stadt,Bayern,41970,49.45092774,11.8453726,4,3,1,14,25,24.1.2022,35.9,#595949
9362,de-by-09362000,Regensburg,Kreisfreie Stadt,Bayern,152610,49.0130809,12.11373088,24,18,4,30,178,24.1.2022,14.4,#595949
9363,de-by-09363000,Weiden i.d. OPf.,Kreisfreie Stadt,Bayern,42520,49.66924961,12.15453393,2,1,1,13,41,24.1.2022,24.1,#595949
9371,de-by-09371000,Amberg-Sulzbach,Landkreis,Bayern,103109,49.48675113,11.80095321,4,4,1,4,6,24.1.2022,40,#595949
9372,de-by-09372000,Cham,Landkreis,Bayern,127882,49.23706516,12.69547955,0,0,1,1,8,24.1.2022,11.1,#595949
9373,de-by-09373000,Neumarkt i.d. OPf.,Landkreis,Bayern,133561,49.21596141,11.56655792,3,1,1,5,17,24.1.2022,22.7,#595949
9374,de-by-09374000,Neustadt a.d. Waldnaab,Landkreis,Bayern,94352,49.68658288,12.09825744,0,0,0,0,0,NA.NA.NA,10000,#595949
9375,de-by-09375000,Regensburg,Landkreis,Bayern,193572,49.10255,12.017304,5,5,2,0,10,24.1.2022,0,#595949
9376,de-by-09376000,Schwandorf,Landkreis,Bayern,147189,49.36803336,12.25308476,1,0,4,8,18,24.1.2022,30.8,#595949
9377,de-by-09377000,Tirschenreuth,Landkreis,Bayern,72504,49.89938901,12.20034184,1,0,2,1,13,24.1.2022,7.1,#595949
9461,de-by-09461000,Bamberg,Kreisfreie Stadt,Bayern,77592,49.88722213,10.89893625,3,2,1,16,33,24.1.2022,32.7,#595949
9462,de-by-09462000,Bayreuth,Kreisfreie Stadt,Bayern,74657,49.93774274,11.58467279,4,3,2,3,55,24.1.2022,5.2,#595949
9463,de-by-09463000,Coburg,Kreisfreie Stadt,Bayern,41249,50.26395162,10.96443866,2,1,1,13,30,24.1.2022,30.2,#595949
9464,de-by-09464000,Hof,Kreisfreie Stadt,Bayern,45930,50.31079563,11.89726317,0,0,1,8,26,24.1.2022,23.5,#595949
9471,de-by-09471000,Bamberg,Landkreis,Bayern,147086,49.89342862,10.88366378,1,0,2,7,9,24.1.2022,43.8,#595949
9472,de-by-09472000,Bayreuth,Landkreis,Bayern,103656,49.88376109,11.55515576,0,0,1,2,4,24.1.2022,33.3,#595949
9473,de-by-09473000,Coburg,Landkreis,Bayern,86906,50.26788951,10.94232605,0,0,0,0,0,NA.NA.NA,10000,#595949
9474,de-by-09474000,Forchheim,Landkreis,Bayern,116099,49.72099688,11.17313196,0,0,2,2,12,24.1.2022,14.3,#595949
9475,de-by-09475000,Hof,Landkreis,Bayern,95311,50.27321205,11.81919285,1,1,2,10,7,24.1.2022,58.8,#595949
9476,de-by-09476000,Kronach,Landkreis,Bayern,67135,50.32796323,11.37204664,0,0,1,4,10,24.1.2022,28.6,#595949
9477,de-by-09477000,Kulmbach,Landkreis,Bayern,71845,50.10264208,11.48229914,1,0,1,6,21,24.1.2022,22.2,#595949
9478,de-by-09478000,Lichtenfels,Landkreis,Bayern,66838,50.1093305,11.11692157,1,1,3,5,34,24.1.2022,12.8,#595949
9479,de-by-09479000,Wunsiedel i. Fichtelgebirge,Landkreis,Bayern,73178,50.09014053,12.04187211,3,1,2,6,12,24.1.2022,33.3,#595949
9561,de-by-09561000,Ansbach,Kreisfreie Stadt,Bayern,41847,49.29218466,10.56366943,0,0,2,6,19,24.1.2022,24,#595949
9562,de-by-09562000,Erlangen,Kreisfreie Stadt,Bayern,111962,49.58232921,10.97814496,17,10,3,23,97,24.1.2022,19.2,#595949
9563,de-by-09563000,Fürth,Kreisfreie Stadt,Bayern,127748,49.49141883,10.96548221,2,2,1,10,32,24.1.2022,23.8,#595949
9564,de-by-09564000,Nürnberg,Kreisfreie Stadt,Bayern,518365,49.43621145,11.08275534,16,8,6,59,137,24.1.2022,30.1,#595949
9565,de-by-09565000,Schwabach,Kreisfreie Stadt,Bayern,40792,49.33562051,11.02351259,0,0,1,0,6,24.1.2022,0,#595949
9571,de-by-09571000,Ansbach,Landkreis,Bayern,183949,49.24816458,10.46813339,1,0,3,4,20,24.1.2022,16.7,#595949
9572,de-by-09572000,Erlangen-Höchstadt,Landkreis,Bayern,136271,49.64004083,10.9148933,0,0,1,2,2,24.1.2022,50,#595949
9573,de-by-09573000,Fürth,Landkreis,Bayern,117387,49.44669052,10.84968649,0,0,0,0,0,NA.NA.NA,10000,#595949
9574,de-by-09574000,Nürnberger Land,Landkreis,Bayern,170365,49.49190394,11.36940646,2,0,3,8,13,24.1.2022,38.1,#595949
9575,de-by-09575000,Neustadt a.d.A.-Bad Windsheim,Landkreis,Bayern,100364,49.56948359,10.46529167,1,0,2,4,31,24.1.2022,11.4,#595949
9576,de-by-09576000,Roth,Landkreis,Bayern,126958,49.20291709,11.12356541,1,0,1,1,7,24.1.2022,12.5,#595949
9577,de-by-09577000,Weißenburg-Gunzenhausen,Landkreis,Bayern,94393,49.03268584,10.89365914,1,1,2,4,12,24.1.2022,25,#595949
9661,de-by-09661000,Aschaffenburg,Kreisfreie Stadt,Bayern,70527,49.96385604,9.145811924,6,3,1,8,52,24.1.2022,13.3,#595949
9662,de-by-09662000,Schweinfurt,Kreisfreie Stadt,Bayern,54032,50.047008,10.22089195,7,4,2,5,64,24.1.2022,7.2,#595949
9663,de-by-09663000,Würzburg,Kreisfreie Stadt,Bayern,127880,49.78465542,9.940896029,12,10,3,26,104,24.1.2022,20,#595949
9671,de-by-09671000,Aschaffenburg,Landkreis,Bayern,174208,50.0080931,9.238037457,0,0,1,3,6,24.1.2022,33.3,#595949
9672,de-by-09672000,Bad Kissingen,Landkreis,Bayern,103218,50.22251394,9.964701108,0,0,4,6,29,24.1.2022,17.1,#595949
9673,de-by-09673000,Rhön-Grabfeld,Landkreis,Bayern,79690,50.37131275,10.25490757,13,2,1,15,125,24.1.2022,10.7,#595949
9674,de-by-09674000,Haßberge,Landkreis,Bayern,84599,50.06287893,10.60697884,1,1,2,0,6,24.1.2022,0,#595949
9675,de-by-09675000,Kitzingen,Landkreis,Bayern,90909,49.75322539,10.25606245,0,0,1,1,6,24.1.2022,14.3,#595949
9676,de-by-09676000,Miltenberg,Landkreis,Bayern,128756,49.75729059,9.234716588,2,1,1,4,6,24.1.2022,40,#595949
9677,de-by-09677000,Main-Spessart,Landkreis,Bayern,126365,49.99358223,9.662681663,0,0,1,1,6,24.1.2022,14.3,#595949
9678,de-by-09678000,Schweinfurt,Landkreis,Bayern,115106,50.01688178,10.25995031,0,0,2,4,2,24.1.2022,66.7,#595949
9679,de-by-09679000,Würzburg,Landkreis,Bayern,161834,49.73762667,9.927363415,0,0,1,1,9,24.1.2022,10,#595949
9761,de-by-09761000,Augsburg,Kreisfreie Stadt,Bayern,295135,48.34557086,10.88550536,8,4,3,12,126,24.1.2022,8.7,#595949
9762,de-by-09762000,Kaufbeuren,Kreisfreie Stadt,Bayern,43893,47.8799286,10.61609675,2,1,1,6,14,24.1.2022,30,#595949
9763,de-by-09763000,Kempten (Allgäu),Kreisfreie Stadt,Bayern,68907,47.73818425,10.30811849,1,0,1,22,22,24.1.2022,50,#595949
9764,de-by-09764000,Memmingen,Kreisfreie Stadt,Bayern,43837,47.97878749,10.16302768,3,1,1,4,26,24.1.2022,13.3,#595949
9771,de-by-09771000,Aichach-Friedberg,Landkreis,Bayern,133596,48.42757015,11.05275556,0,0,2,0,14,24.1.2022,0,#595949
9772,de-by-09772000,Augsburg,Landkreis,Bayern,251534,48.35428718,10.73208453,0,0,2,8,5,24.1.2022,61.5,#595949
9773,de-by-09773000,Dillingen a.d. Donau,Landkreis,Bayern,96021,48.5964038,10.52776417,0,0,2,8,6,24.1.2022,57.1,#595949
9774,de-by-09774000,Günzburg,Landkreis,Bayern,125747,48.35281385,10.38113121,4,0,4,9,43,24.1.2022,17.3,#595949
9775,de-by-09775000,Neu-Ulm,Landkreis,Bayern,174200,48.29822655,10.14115581,1,0,2,4,18,24.1.2022,18.2,#595949
9776,de-by-09776000,Lindau (Bodensee),Landkreis,Bayern,81669,47.60516495,9.882861365,3,0,2,2,10,24.1.2022,16.7,#595949
9777,de-by-09777000,Ostallgäu,Landkreis,Bayern,140316,47.76995906,10.63973163,0,0,3,10,5,24.1.2022,66.7,#595949
9778,de-by-09778000,Unterallgäu,Landkreis,Bayern,144041,48.03981304,10.38923276,0,0,2,2,13,24.1.2022,13.3,#595949
9779,de-by-09779000,Donau-Ries,Landkreis,Bayern,133496,48.80693204,10.7123442,1,1,3,5,23,24.1.2022,17.9,#595949
9780,de-by-09780000,Oberallgäu,Landkreis,Bayern,155362,47.57270756,10.25862291,2,2,2,0,14,24.1.2022,0,#595949
10041,de-sl-10041000,Saarbrücken,Landkreis,Saarland,329708,49.25138239,6.957296528,18,8,7,20,162,24.1.2022,11,#595949
10042,de-sl-10042000,Merzig-Wadern,Landkreis,Saarland,103366,49.49576456,6.680484797,0,0,1,3,9,24.1.2022,25,#595949
10043,de-sl-10043000,Neunkirchen,Landkreis,Saarland,132206,49.37570165,7.117203207,1,0,2,8,29,24.1.2022,21.6,#595949
10044,de-sl-10044000,Saarlouis,Landkreis,Saarland,195201,49.35534155,6.775543339,2,0,3,16,44,24.1.2022,26.7,#595949
10045,de-sl-10045000,Saarpfalz-Kreis,Landkreis,Saarland,142631,49.24869939,7.242221249,10,7,2,27,148,24.1.2022,15.4,#595949
10046,de-sl-10046000,St. Wendel,Landkreis,Saarland,87397,49.51957311,7.100433245,1,0,1,2,12,24.1.2022,14.3,#595949
11000,de-be-11000000,Berlin,Kreisfreie Stadt,Berlin,3754418,52.50153158,13.40185024,195,125,41,137,1013,24.1.2022,11.9,#595949
12051,de-bb-12051000,Brandenburg an der Havel,Kreisfreie Stadt,Brandenburg,72124,52.40271509,12.51933378,8,3,3,17,50,24.1.2022,25.4,#595949
12052,de-bb-12052000,Cottbus,Kreisfreie Stadt,Brandenburg,100219,51.772693,14.36621885,12,6,2,6,85,24.1.2022,6.6,#595949
12053,de-bb-12053000,Frankfurt (Oder),Kreisfreie Stadt,Brandenburg,57873,52.32476308,14.49034875,1,1,1,0,12,24.1.2022,0,#595949
12054,de-bb-12054000,Potsdam,Kreisfreie Stadt,Brandenburg,178089,52.42617849,13.02854917,6,2,4,19,51,24.1.2022,27.1,#595949
12060,de-bb-12060000,Barnim,Landkreis,Brandenburg,182760,52.82322798,13.70373113,5,5,2,10,56,24.1.2022,15.2,#595949
12061,de-bb-12061000,Dahme-Spreewald,Landkreis,Brandenburg,169067,52.04230693,13.81994078,3,1,5,11,26,24.1.2022,29.7,#595949
12062,de-bb-12062000,Elbe-Elster,Landkreis,Brandenburg,102638,51.61227102,13.45958892,2,0,3,9,9,24.1.2022,50,#595949
12063,de-bb-12063000,Havelland,Landkreis,Brandenburg,161909,52.62082081,12.62834691,5,1,2,6,17,24.1.2022,26.1,#595949
12064,de-bb-12064000,Märkisch-Oderland,Landkreis,Brandenburg,194328,52.60672381,14.14646433,2,1,3,7,16,24.1.2022,30.4,#595949
12065,de-bb-12065000,Oberhavel,Landkreis,Brandenburg,211249,52.90683265,13.20530222,8,6,5,12,23,24.1.2022,34.3,#595949
12066,de-bb-12066000,Oberspreewald-Lausitz,Landkreis,Brandenburg,110476,51.61630052,13.9436173,5,1,1,1,16,24.1.2022,5.9,#595949
12067,de-bb-12067000,Oder-Spree,Landkreis,Brandenburg,178658,52.24400851,14.21905943,12,9,3,13,47,24.1.2022,21.7,#595949
12068,de-bb-12068000,Ostprignitz-Ruppin,Landkreis,Brandenburg,99078,52.99142304,12.63595895,2,1,3,7,46,24.1.2022,13.2,#595949
12069,de-bb-12069000,Potsdam-Mittelmark,Landkreis,Brandenburg,214664,52.24629471,12.6891435,4,2,3,7,60,24.1.2022,10.4,#595949
12070,de-bb-12070000,Prignitz,Landkreis,Brandenburg,76508,53.10932673,11.96182693,2,1,2,3,11,24.1.2022,21.4,#595949
12071,de-bb-12071000,Spree-Neiße,Landkreis,Brandenburg,114429,51.75859324,14.43312857,3,0,3,10,8,24.1.2022,55.6,#595949
12072,de-bb-12072000,Teltow-Fläming,Landkreis,Brandenburg,168296,52.07318431,13.2760182,2,2,2,5,8,24.1.2022,38.5,#595949
12073,de-bb-12073000,Uckermark,Landkreis,Brandenburg,119552,53.20590307,13.86129862,3,1,4,4,24,24.1.2022,14.3,#595949
13003,de-mv-13003000,Rostock,Kreisfreie Stadt,Mecklenburg-Vorpommern,208886,54.14638839,12.14174712,18,13,2,14,100,24.1.2022,12.3,#595949
13004,de-mv-13004000,Schwerin,Kreisfreie Stadt,Mecklenburg-Vorpommern,95818,53.62151005,11.41652995,1,1,1,15,57,24.1.2022,20.8,#595949
13071,de-mv-13071000,Mecklenb. Seenplatte,Landkreis,Mecklenburg-Vorpommern,259130,53.54369275,13.00246062,9,4,5,15,67,24.1.2022,18.3,#595949
13072,de-mv-13072000,Rostock,Landkreis,Mecklenburg-Vorpommern,215113,53.91204551,12.22083383,2,0,4,13,38,24.1.2022,25.5,#595949
13073,de-mv-13073000,Vorpommern-Rügen,Landkreis,Mecklenburg-Vorpommern,224684,54.28420295,12.99152542,8,6,4,9,45,24.1.2022,16.7,#595949
13074,de-mv-13074000,Nordwestmecklenburg,Landkreis,Mecklenburg-Vorpommern,156729,53.82151223,11.25210947,0,0,2,7,8,24.1.2022,46.7,#595949
13075,de-mv-13075000,Vorpommern-Greifswald,Landkreis,Mecklenburg-Vorpommern,236697,53.78951116,13.78069636,18,12,7,22,152,24.1.2022,12.6,#595949
13076,de-mv-13076000,Ludwigslust-Parchim,Landkreis,Mecklenburg-Vorpommern,212618,53.45004704,11.53414161,10,6,7,28,98,24.1.2022,22.2,#595949
14511,de-sn-14511000,Chemnitz,Kreisfreie Stadt,Sachsen,247237,50.82630369,12.9118299,18,9,3,31,146,24.1.2022,17.5,#595949
14521,de-sn-14521000,Erzgebirgskreis,Landkreis,Sachsen,337696,50.60889842,12.94507247,22,19,6,28,60,24.1.2022,31.8,#595949
14522,de-sn-14522000,Mittelsachsen,Landkreis,Sachsen,306185,50.95581664,13.13750681,9,6,5,18,33,24.1.2022,35.3,#595949
14523,de-sn-14523000,Vogtlandkreis,Landkreis,Sachsen,227796,50.45679294,12.23499962,9,5,5,26,42,24.1.2022,38.2,#595949
14524,de-sn-14524000,Zwickau,Landkreis,Sachsen,317531,50.7507748,12.52580551,16,11,5,20,81,24.1.2022,19.8,#595949
14612,de-sn-14612000,Dresden,Kreisfreie Stadt,Sachsen,554649,51.06644429,13.78344907,48,40,6,57,220,24.1.2022,20.6,#595949
14625,de-sn-14625000,Bautzen,Landkreis,Sachsen,300880,51.26891358,14.23100852,15,13,6,22,45,24.1.2022,32.8,#595949
14626,de-sn-14626000,Görlitz,Landkreis,Sachsen,254894,51.22561775,14.75079681,9,6,6,24,40,24.1.2022,37.5,#595949
14627,de-sn-14627000,Meißen,Landkreis,Sachsen,242165,51.23939775,13.48290068,8,4,5,24,40,24.1.2022,37.5,#595949
14628,de-sn-14628000,Sächsische Schw.-Osterzgeb.,Landkreis,Sachsen,245611,50.91671794,13.87343405,25,4,6,14,56,24.1.2022,20,#595949
14713,de-sn-14713000,Leipzig,Kreisfreie Stadt,Sachsen,587857,51.3422386,12.37477176,33,25,7,61,272,24.1.2022,18.3,#595949
14729,de-sn-14729000,Leipzig,Landkreis,Sachsen,257763,51.22143667,12.59949087,5,3,3,19,39,24.1.2022,32.8,#595949
14730,de-st-14730000,Nordsachsen,Landkreis,Sachsen,197673,51.47286508,12.77939676,3,1,8,14,41,24.1.2022,25.5,#595949
15001,de-st-15001000,Dessau-Roßlau,Kreisfreie Stadt,Sachsen-Anhalt,81237,51.85373809,12.23105596,7,2,1,12,25,24.1.2022,32.4,#595949
15002,de-st-15002000,Halle (Saale),Kreisfreie Stadt,Sachsen-Anhalt,239257,51.47980191,11.96849683,19,16,5,39,235,24.1.2022,14.2,#595949
15003,de-st-15003000,Magdeburg,Kreisfreie Stadt,Sachsen-Anhalt,238697,52.11659764,11.64148202,20,18,6,19,176,24.1.2022,9.7,#595949
15081,de-st-15081000,Altmarkkreis Salzwedel,Landkreis,Sachsen-Anhalt,83765,52.68004816,11.22704527,0,0,2,7,8,24.1.2022,46.7,#595949
15082,de-st-15082000,Anhalt-Bitterfeld,Landkreis,Sachsen-Anhalt,159854,51.79544503,12.14320207,3,1,3,11,22,24.1.2022,33.3,#595949
15083,de-st-15083000,Börde,Landkreis,Sachsen-Anhalt,171734,52.2207123,11.34783843,1,0,2,3,13,24.1.2022,18.8,#595949
15084,de-st-15084000,Burgenlandkreis,Landkreis,Sachsen-Anhalt,180190,51.14722563,11.88342243,2,0,3,3,24,24.1.2022,11.1,#595949
15085,de-st-15085000,Harz,Landkreis,Sachsen-Anhalt,214446,51.82129589,10.95854382,4,3,4,12,44,24.1.2022,21.4,#595949
15086,de-st-15086000,Jerichower Land,Landkreis,Sachsen-Anhalt,89928,52.26078983,12.02651884,6,6,2,5,16,24.1.2022,23.8,#595949
15087,de-st-15087000,Mansfeld-Südharz,Landkreis,Sachsen-Anhalt,136249,51.53569018,11.35635847,7,6,3,4,24,24.1.2022,14.3,#595949
15088,de-st-15088000,Saalekreis,Landkreis,Sachsen-Anhalt,184582,51.42567108,11.86547404,1,0,2,6,16,24.1.2022,27.3,#595949
15089,de-st-15089000,Salzlandkreis,Landkreis,Sachsen-Anhalt,190560,51.85185919,11.64272562,4,3,4,2,34,24.1.2022,5.6,#595949
15090,de-st-15090000,Stendal,Landkreis,Sachsen-Anhalt,111982,52.69677817,11.83953435,1,0,2,8,14,24.1.2022,36.4,#595949
15091,de-st-15091000,Wittenberg,Landkreis,Sachsen-Anhalt,125840,51.82014007,12.70158824,6,4,2,9,21,24.1.2022,30,#595949
16051,de-th-16051000,Erfurt,Kreisfreie Stadt,Thüringen,213699,50.98325269,11.02022481,7,5,2,18,55,24.1.2022,24.7,#595949
16052,de-th-16052000,Gera,Kreisfreie Stadt,Thüringen,94152,50.89401708,12.08269619,0,0,1,6,38,24.1.2022,13.6,#595949
16053,de-th-16053000,Jena,Kreisfreie Stadt,Thüringen,111407,50.9242638,11.58701125,8,6,1,16,85,24.1.2022,15.8,#595949
16054,de-th-16054000,Suhl,Kreisfreie Stadt,Thüringen,34835,50.61160285,10.68817756,0,0,1,15,17,24.1.2022,46.9,#595949
16055,de-th-16055000,Weimar,Kreisfreie Stadt,Thüringen,65090,50.97834717,11.31787228,1,1,1,2,12,24.1.2022,14.3,#595949
16056,de-th-16056000,Eisenach,Kreisfreie Stadt,Thüringen,42370,50.98967606,10.30010232,0,0,0,0,0,NA.NA.NA,10000,#595949
16061,de-th-16061000,Eichsfeld,Landkreis,Thüringen,100380,51.3836492,10.25348539,3,0,2,8,12,24.1.2022,40,#595949
16062,de-th-16062000,Nordhausen,Landkreis,Thüringen,83822,51.50227798,10.73090674,11,7,3,11,46,24.1.2022,19.3,#595949
16063,de-th-16063000,Wartburgkreis,Landkreis,Thüringen,123025,50.8858017,10.21070395,24,10,4,38,44,24.1.2022,46.3,#595949
16064,de-th-16064000,Unstrut-Hainich-Kreis,Landkreis,Thüringen,102912,51.18523871,10.55179556,3,1,3,0,17,24.1.2022,0,#595949
16065,de-th-16065000,Kyffhäuserkreis,Landkreis,Thüringen,75009,51.32476308,10.9848332,0,0,1,3,3,24.1.2022,50,#595949
16066,de-th-16066000,Schmalkalden-Meiningen,Landkreis,Thüringen,122347,50.63070769,10.40504341,10,7,2,6,36,24.1.2022,14.3,#595949
16067,de-th-16067000,Gotha,Landkreis,Thüringen,135452,50.91066058,10.69376272,4,1,2,4,11,24.1.2022,26.7,#595949
16068,de-th-16068000,Sömmerda,Landkreis,Thüringen,69655,51.15780806,11.15475118,1,0,1,0,6,24.1.2022,0,#595949
16069,de-th-16069000,Hildburghausen,Landkreis,Thüringen,63553,50.43400275,10.73409041,1,0,1,2,6,24.1.2022,25,#595949
16070,de-th-16070000,Ilm-Kreis,Landkreis,Thüringen,108742,50.73793376,10.96635749,5,4,2,6,11,24.1.2022,35.3,#595949
16071,de-th-16071000,Weimarer Land,Landkreis,Thüringen,81947,50.971572,11.37355327,14,7,3,7,75,24.1.2022,8.5,#595949
16072,de-th-16072000,Sonneberg,Landkreis,Thüringen,56196,50.41463055,11.13295266,2,1,1,3,5,24.1.2022,37.5,#595949
16073,de-th-16073000,Saalfeld-Rudolstadt,Landkreis,Thüringen,106356,50.63779796,11.30911625,2,1,1,8,16,24.1.2022,33.3,#595949
16074,de-th-16074000,Saale-Holzland-Kreis,Landkreis,Thüringen,83051,50.90417214,11.73153078,0,0,1,3,5,24.1.2022,37.5,#595949
16075,de-th-16075000,Saale-Orla-Kreis,Landkreis,Thüringen,80868,50.58084802,11.71057373,1,1,1,2,2,24.1.2022,50,#595949
16076,de-th-16076000,Greiz,Landkreis,Thüringen,98159,50.74845955,12.07407057,0,0,1,1,9,24.1.2022,10,#595949
16077,de-th-16077000,Altenburger Land,Landkreis,Thüringen,90118,50.95642466,12.39913134,0,0,1,6,26,24.1.2022,18.8,#595949
