typ,einwohner,bundesland,Kreis,hc.key,lat,lon,weekly_cases,inzidenz.x,weekly_cases_A00-A04,inzidenz_A00-A04,weekly_cases_A05-A14,inzidenz_A05-A14,weekly_cases_A15-A34,inzidenz_A15-A34,weekly_cases_A35-A59,inzidenz_A35-A59,weekly_cases_A60-A79,inzidenz_A60-A79,weekly_cases_A80+,inzidenz_A80+
Kreisfreie Stadt,90164,Schleswig-Holstein,Flensburg,de-sh-01001000,54.78499338,9.438528355,835,928.458647452576,14,318.254148670152,75,990.360491218804,358,1324.16037875425,274,986.214591656769,89,499.719258843346,24,431.421894661154
Kreisfreie Stadt,246794,Schleswig-Holstein,Kiel,de-sh-01002000,54.32484069,10.13224436,2275,922.542893175616,33,291.185034853966,227,1168.65733113674,1063,1383.14206157129,706,892.970074119046,207,450.293669784642,37,261.465620804183
Kreisfreie Stadt,216530,Schleswig-Holstein,Lübeck,de-sh-01003000,53.87231673,10.72728311,2341,1084.56955421921,42,445.907208833209,308,1728.58906723538,822,1561.16460600536,833,1148.9179758079,252,529.000566786322,83,503.030303030303
Kreisfreie Stadt,80196,Schleswig-Holstein,Neumünster,de-sh-01004000,54.08112444,9.984481955,822,1028.7216069082,9,249.100470523111,71,980.798452824976,306,1590.27128157156,305,1136.40597637766,94,538.620215448086,37,636.723455515402
Kreis,133193,Schleswig-Holstein,Dithmarschen,de-sh-01051000,54.13291096,9.107814479,1641,1231.51045770763,42,781.977285421709,164,1414.64676960235,588,2102.70347589758,577,1277.39650210317,195,587.455564258601,75,757.499242500758
Kreis,198019,Schleswig-Holstein,Herzogtum Lauenburg,de-sh-01053000,53.58900242,10.60185922,1347,676.367799469752,34,357.480811691725,182,965.210012728044,429,1080.68619794947,537,746.362006421215,134,308.017653549099,31,213.763618811198
Kreis,165951,Schleswig-Holstein,Nordfriesland,de-sh-01054000,54.609564,8.886887793,2208,1320.99289846662,47,682.643427741467,207,1480.36901952371,767,2138.51558579156,814,1430.20293420012,271,673.593159673891,98,811.930405965203
Kreis,200539,Schleswig-Holstein,Ostholstein,de-sh-01055000,54.18964903,10.81942702,3093,1535.08663089926,50,683.153436261784,289,1793.69414101291,994,2727.0981371231,1199,1722.03311933589,426,784.703801945181,134,800.286669851887
Kreis,316103,Schleswig-Holstein,Pinneberg,de-sh-01056000,53.71808407,9.7368667,2429,766.986770108961,76,505.756305317096,270,909.243980468092,697,1061.07660455487,1028,893.59445762815,267,389.883473029409,89,401.443391971132
Kreis,128686,Schleswig-Holstein,Plön,de-sh-01057000,54.24338859,10.36369516,972,751.432127588846,17,319.069069069069,138,1218.22033898305,292,1242.65894969785,385,851.713381855187,112,339.651250947688,27,260.768785010624
Kreis,274098,Schleswig-Holstein,Rendsburg-Eckernförde,de-sh-01058000,54.28961574,9.781742068,2955,1075.46448783506,62,513.670256835128,312,1226.36688809402,996,1823.00722979775,1169,1195.02770337961,340,525.137076222102,74,381.738457570286
Kreis,201156,Schleswig-Holstein,Schleswig-Flensburg,de-sh-01059000,54.61901956,9.488709215,2344,1157.18466101151,61,658.960786431889,247,1325.4628387443,788,1926.88592737498,862,1232.00937584861,314,654.166666666667,68,472.156644910429
Kreis,277175,Schleswig-Holstein,Segeberg,de-sh-01060000,53.91998574,10.14091472,2864,1030.90929365088,65,509.204857030944,389,1496.03876624875,839,1445.10661752041,1181,1165.46436008013,289,475.900340869794,101,552.214324767633
Kreis,131013,Schleswig-Holstein,Steinburg,de-sh-01061000,53.92894519,9.519381896,1470,1125.4265297691,46,807.442513603651,180,1558.71146518878,416,1519.96784683401,587,1249.01589463157,192,638.106949383496,48,515.408568667454
Kreis,244156,Schleswig-Holstein,Stormarn,de-sh-01062000,53.72080057,10.33163988,2405,982.493091526558,61,542.559814995997,316,1333.44586041016,689,1482.58128375616,995,1106.98233278448,268,493.045845904776,66,356.718192627824
Kreisfreie Stadt,1847253,Hamburg,Hamburg,de-hh-02000000,53.54637735,10.02079442,15994,863.869908306603,444,444.235444785736,2083,1264.82357441692,5400,1092.30812798615,6048,924.699946487272,1556,476.578436357177,460,427.076660260517
Kreisfreie Stadt,249406,Niedersachsen,Braunschweig,de-ni-03101000,52.27522109,10.52410806,2355,948.258174049831,62,552.978951123796,253,1300.03596937465,931,1353.47309045445,774,936.683125181528,241,483.237086942573,93,533.165166542453
Kreisfreie Stadt,104291,Niedersachsen,Salzgitter,de-ni-03102000,52.12447444,10.37072623,660,637.359674965821,15,261.917234154007,57,559.426832858966,202,853.436985085977,236,697.915126423185,107,461.127391828995,40,520.359047742943
Kreisfreie Stadt,124371,Niedersachsen,Wolfsburg,de-ni-03103000,52.41074739,10.78487077,1627,1313.79198966408,30,454.201362604088,163,1480.74127906977,507,1747.07098552722,637,1509.72910198374,203,783.481281358549,87,902.95796574987
Landkreis,176523,Niedersachsen,Gifhorn,de-ni-03151000,52.58025623,10.60417046,2004,1131.31746291479,55,590.699173021158,263,1535.49743110696,637,1693.74351883858,759,1186.03015860614,238,628.698224852071,48,451.807228915663
Landkreis,136292,Niedersachsen,Goslar,de-ni-03153000,51.87467716,10.40039267,1204,893.91779520076,37,749.746707193516,92,917.79728651237,377,1314.00090620752,410,907.581627006087,190,540.617442025893,97,787.209868527836
Landkreis,91297,Niedersachsen,Helmstedt,de-ni-03154000,52.26074433,10.88883872,854,933.149762888175,14,331.832187722209,69,878.980891719745,252,1365.40962288687,334,1031.30982523313,142,662.220771347293,40,576.119832925248
Landkreis,132285,Niedersachsen,Northeim,de-ni-03155000,51.74258733,9.848008931,1607,1219.53070455028,40,740.055504162812,145,1323.47572106608,521,1982.57163514593,573,1262.0589401348,255,772.306014900963,73,650.334075723831
Landkreis,134801,Niedersachsen,Peine,de-ni-03157000,52.30419133,10.25528781,1140,840.670180501163,44,660.859116851908,121,932.994062765055,327,1155.06888025433,463,951.500205507604,141,486.19013137478,44,478.104965772031
Landkreis,119622,Niedersachsen,Wolfenbüttel,de-ni-03158000,52.12699752,10.5839538,1022,857.063865081559,31,600.77519379845,111,1102.94117647059,312,1263.56714725417,392,925.357631839856,140,491.124675506911,36,407.331975560081
Landkreis,326041,Niedersachsen,Göttingen,de-ni-03159000,51.49893902,9.926235131,2494,769.990737882062,65,468.873981100772,215,797.625672416991,951,1160.5486673826,814,766.204183060675,334,455.208319136467,115,485.888118979212
Landkreis,1157115,Niedersachsen,Region Hannover,de-ni-03241000,52.42193707,9.719799048,8127,703.435382098621,167,299.186642301766,793,761.22640966076,2815,1005.50078582655,3006,754.483984157342,1021,427.764021735943,325,405.93540006495
Landkreis,217089,Niedersachsen,Diepholz,de-ni-03251000,52.72848578,8.701799136,3192,1464.19531164019,68,685.829551185073,288,1449.64010670962,1143,2512.69537690431,1153,1491.03182505916,446,908.757488080199,94,609.953929011745
Landkreis,148549,Niedersachsen,Hameln-Pyrmont,de-ni-03252000,52.09513819,9.389895452,1150,775.339884237448,27,413.033501606241,86,667.753707585993,383,1282.52352409336,447,886.517789853635,149,413.475413475413,58,452.700593193881
Landkreis,275817,Niedersachsen,Hildesheim,de-ni-03254000,52.090219,9.943480972,2094,760.897975779049,59,496.38229850244,193,828.077401638993,695,1119.45106629727,814,862.361217052293,267,424.13267251239,66,311.379505567088
Landkreis,70458,Niedersachsen,Holzminden,de-ni-03255000,51.88063258,9.55140269,783,1120.9708433632,16,554.592720970537,68,1188.81118881119,235,1629.34202315746,287,1226.65298969953,133,750.903342366757,43,680.272108843537
Landkreis,121390,Niedersachsen,Nienburg (Weser),de-ni-03256000,52.60922281,9.114312927,2168,1782.23519256854,42,760.593987685621,191,1703.83586083854,723,2773.72822834344,822,1945.10175106484,310,1127.39571589628,80,905.489530277306
Landkreis,157820,Niedersachsen,Schaumburg,de-ni-03257000,52.29279233,9.206561905,2039,1289.09258487684,62,917.295457907974,221,1653.32535348246,582,1817.21672338964,773,1397.4762266334,298,794.264239452011,103,802.555711391616
Landkreis,179011,Niedersachsen,Celle,de-ni-03351000,52.71334323,10.10356616,1483,827.266341854994,46,543.157397567599,158,933.861339322655,427,1121.73593232806,562,924.17490256697,246,588.277494798766,42,324.851109907959
Landkreis,198038,Niedersachsen,Cuxhaven,de-ni-03352000,53.6165865,8.812382372,3522,1771.90105921761,76,885.780885780886,370,2100.60179402748,1045,2694.06274974864,1393,2054.11782054118,503,1004.07218141169,134,884.838880084522
Landkreis,254431,Niedersachsen,Harburg,de-ni-03353000,53.31577342,9.962738848,2257,881.585525904631,49,402.034788316377,316,1305.89304901232,619,1219.12790010635,899,963.403525692547,293,517.521548678819,81,467.128027681661
Landkreis,48412,Niedersachsen,Lüchow-Dannenberg,de-ni-03354000,53.01987172,11.12291989,622,1282.39490340804,10,533.333333333333,40,992.802184164805,184,2090.1965239123,258,1594.65974411274,113,848.985725018783,17,403.225806451613
Landkreis,184139,Niedersachsen,Lüneburg,de-ni-03355000,53.23257535,10.57325692,1936,1050.83181805846,51,592.059438123984,176,1011.78499568842,748,1738.3624997095,696,1056.81921710347,198,520.668980751026,67,597.414177440927
Landkreis,113928,Niedersachsen,Osterholz,de-ni-03356000,53.25100673,8.808080932,1290,1127.00628053036,30,563.168762905951,157,1503.54338249378,312,1422.6437462952,585,1420.17867547097,160,588.798115846029,46,585.092851691682
Landkreis,163782,Niedersachsen,Rotenburg (Wümme),de-ni-03357000,53.25075839,9.306584838,2187,1332.02825772406,58,772.303595206391,237,1583.06058379534,753,2039.48972129682,807,1394.21581838914,267,741.254858411993,65,620.347394540943
Landkreis,140673,Niedersachsen,Heidekreis,de-ni-03358000,52.92833009,9.769411359,1175,834.013557156546,24,369.06043364601,109,841.244115150112,392,1251.15700105327,426,881.458337644065,170,541.608257932968,54,531.234628627644
Landkreis,204512,Niedersachsen,Stade,de-ni-03359000,53.57897623,9.41807039,2389,1163.33993971474,61,599.273013066117,277,1422.11726049902,842,1849.69574482107,873,1216.9113034751,287,643.122843185587,49,377.824041946179
Landkreis,92389,Niedersachsen,Uelzen,de-ni-03360000,52.98363494,10.54758105,1477,1595.61826156472,45,1234.90669593853,135,1758.72850442939,470,2523.48993288591,564,1773.25033012639,191,836.069161742176,72,923.906069549596
Landkreis,137133,Niedersachsen,Verden,de-ni-03361000,52.97323565,9.1754645,1940,1410.15017372469,54,785.11195114859,207,1573.6658050783,726,2511.50240426194,683,1432.01593458434,200,637.044115304985,68,746.924428822496
Kreisfreie Stadt,77559,Niedersachsen,Delmenhorst,de-ni-03401000,53.0494044,8.645682931,804,1037.37919822458,11,260.478332938669,96,1339.6595032096,269,1495.52454550509,306,1173.35787415162,97,569.516204790982,25,492.902208201893
Kreisfreie Stadt,49913,Niedersachsen,Emden,de-ni-03402000,53.36067907,7.181584115,509,1020.57184103942,12,501.25313283208,48,1079.3793568698,162,1276.6963511703,195,1178.88882171574,74,696.405044231131,18,559.701492537313
Kreisfreie Stadt,169077,Niedersachsen,Oldenburg (Oldb),de-ni-03403000,53.14457817,8.224359039,1956,1153.26788714955,40,529.590891036674,183,1300.63965884861,864,1765.60743843875,601,1074.36539149088,227,691.272306474207,41,420.901344831126
Kreisfreie Stadt,165251,Niedersachsen,Osnabrück (Stadt),de-ni-03404000,52.27767982,8.04703291,1284,781.86368535467,31,417.002959375841,99,741.795294470253,539,1037.7558289532,437,836.043619667113,133,443.126540947558,45,439.110070257611
Kreisfreie Stadt,76089,Niedersachsen,Wilhelmshaven,de-ni-03405000,53.56594481,8.086204629,763,1014.77609756746,19,577.507598784195,81,1363.63636363636,241,1282.73365978284,254,1092.75511960076,116,628.01147745114,52,818.124606670862
Landkreis,124859,Niedersachsen,Ammerland,de-ni-03451000,53.21848817,8.013262266,2179,1736.66658707608,65,1104.69068660775,251,2153.21266191988,735,2810.59997705633,798,1830.44315992293,254,880.141377040091,76,872.359963269054
Landkreis,189694,Niedersachsen,Aurich,de-ni-03452000,53.49643077,7.368089581,2552,1341.90074561726,51,610.047846889952,260,1535.28196043696,874,2135.82268273014,981,1498.37332559454,314,682.623535294245,72,599.600266489007
Landkreis,170682,Niedersachsen,Cloppenburg,de-ni-03453000,52.91102902,7.904713938,3485,2018.74507623152,69,708.128078817734,300,1627.86911932281,1154,2603.02709042925,1356,2297.37056112768,523,1720.84759147144,83,947.488584474886
Landkreis,326954,Niedersachsen,Emsland,de-ni-03454000,52.73829702,7.402688652,4898,1489.67865503299,173,1048.23073194377,515,1616.3454899253,1789,2273.42042393128,1718,1496.28107091223,590,883.180647865397,113,618.364890007661
Landkreis,98704,Niedersachsen,Friesland,de-ni-03455000,53.51036297,7.983247462,977,993.220236230815,22,511.271206135254,111,1324.42429304379,265,1346.61314091163,350,1046.80723792433,189,754.00941514402,40,510.204081632653
Landkreis,137162,Niedersachsen,Grafschaft Bentheim,de-ni-03456000,52.47605341,7.019856762,2027,1470.00166798413,56,832.095096582467,228,1680.17686072218,581,1869.48967115001,811,1688.52800333125,302,1041.7025973578,47,536.346000228232
Landkreis,170756,Niedersachsen,Leer,de-ni-03457000,53.24354174,7.469761641,1996,1164.54692301861,38,463.810569998779,224,1412.80353200883,721,1849.95124955098,755,1272.80083617115,211,555.23393505605,47,451.315536777415
Landkreis,130890,Niedersachsen,Oldenburg,de-ni-03458000,52.98807691,8.389396566,1952,1485.54390075076,49,799.086757990868,196,1607.21607216072,680,2461.44935929921,692,1453.75097161824,253,879.113242294729,79,923.220754937478
Landkreis,358080,Niedersachsen,Osnabrück (Landkreis),de-ni-03459000,52.38161392,8.045157342,3096,861.26558192455,86,481.145798366342,325,940.094298689653,936,1174.21248729818,1202,957.181649505881,440,579.38190484969,107,438.488648471437
Landkreis,142814,Niedersachsen,Vechta,de-ni-03460000,52.66029015,8.223057943,1353,941.557989672786,34,425.58517962198,145,956.843077735251,460,1218.25260202866,499,1005.11622285783,187,745.941202281703,28,389.050993469501
Landkreis,88583,Niedersachsen,Wesermarsch,de-ni-03461000,53.35764176,8.388646231,1074,1214.35994758484,20,522.875816993464,106,1388.34315651604,275,1453.33474262763,433,1410.97497393118,179,849.266973478199,61,947.793660658794
Landkreis,56926,Niedersachsen,Wittmund,de-ni-03462000,53.57341374,7.706123551,1379,2403.10888052419,35,1488.72820076563,126,2486.18784530387,450,3818.08925844222,523,2718.01268059453,209,1453.30644600515,35,854.075158613958
Kreisfreie Stadt,567559,Bremen,Bremen,de-ni-04011000,53.11954347,8.780493747,4705,830.960882357613,80,284.151452724302,442,912.130092038466,1708,1158.41375989365,1655,871.286503219285,618,534.990823781987,199,523.147296196009
Kreisfreie Stadt,113643,Bremen,Bremerhaven,de-hb-04012000,53.53816629,8.588505224,1288,1135.99337777504,25,425.604358188628,137,1273.58929069443,433,1579.77306724069,467,1263.39140785629,184,731.435840356177,42,561.272217025257
Kreisfreie Stadt,621877,Nordrhein-Westfalen,Düsseldorf,de-nw-05111000,51.23545696,6.810202624,3960,638.815966531458,98,312.032349476231,338,624.872899373278,1318,819.656838661932,1599,724.995805996745,474,408.620689655172,132,338.227381043893
Kreisfreie Stadt,498686,Nordrhein-Westfalen,Duisburg,de-nw-05112000,51.43961577,6.73469185,1806,364.399003801285,36,140.056022408964,124,270.011323055483,581,471.870507687185,752,443.720644811065,224,223.441396508728,89,260.195877795644
Kreisfreie Stadt,582760,Nordrhein-Westfalen,Essen,de-nw-05113000,51.43383277,7.017153916,3507,602.147952920169,60,206.640033062405,259,509.461426491994,1113,777.76690752051,1425,731.0429032407,515,418.379449851333,133,318.463711898092
Kreisfreie Stadt,227417,Nordrhein-Westfalen,Krefeld,de-nw-05114000,51.34521914,6.579668006,1160,511.805469838303,20,183.503073676484,91,446.144040790312,336,641.490702203215,462,589.993103976707,189,382.924407885406,62,385.572139303483
Kreisfreie Stadt,261034,Nordrhein-Westfalen,Mönchengladbach,de-nw-05116000,51.1671936,6.411974474,1700,654.689696339514,41,320.613074757585,129,553.719363008113,553,882.794291370007,647,725.116836831901,261,464.71049070579,68,401.9862851738
Kreisfreie Stadt,170632,Nordrhein-Westfalen,Mülheim an der Ruhr,de-nw-05117000,51.41378149,6.878461621,1015,593.841599335365,15,183.284457478006,86,571.998669770535,274,745.497088752245,416,716.24111155111,157,403.983223117104,67,488.51622311338
Kreisfreie Stadt,210764,Nordrhein-Westfalen,Oberhausen,de-nw-05119000,51.51313135,6.847120498,717,342.135651775574,18,179.443724454192,65,354.28135389982,216,453.457614309107,286,391.855972378264,102,217.511835202798,30,201.721355567509
Kreisfreie Stadt,111338,Nordrhein-Westfalen,Remscheid,de-nw-05120000,51.1826933,7.224115652,697,625.919150615158,17,313.364055299539,46,450.45045045045,206,841.262710826153,287,738.130754590813,115,471.543381991143,26,327.291037260826
Kreisfreie Stadt,159245,Nordrhein-Westfalen,Solingen,de-nw-05122000,51.16245516,7.066069733,1049,658.948571859315,37,478.592678825508,118,803.86947339737,290,807.799442896936,423,756.343090099594,140,418.898297477634,41,353.844826098214
Kreisfreie Stadt,355100,Nordrhein-Westfalen,Wuppertal,de-nw-05124000,51.25060361,7.168930082,2099,592.106004439387,61,340.173990631274,170,512.403170871387,670,765.416866588983,781,651.930750095995,328,451.510771560328,89,370.617140001666
Kreis,312465,Nordrhein-Westfalen,Kleve,de-nw-05154000,51.65236313,6.258809085,2001,639.378033458126,44,304.582583414094,181,642.961173670562,562,779.09475289388,811,735.994772712835,311,457.164696889516,78,399.713026545045
Kreis,485570,Nordrhein-Westfalen,Mettmann,de-nw-05158000,51.25710435,6.969065183,2593,535.800562435735,53,230.75583420411,246,553.991667604999,707,725.574712643678,1072,628.879163684575,378,337.361440836799,132,345.107061622526
Kreis,451730,Nordrhein-Westfalen,Rhein-Kreis Neuss,de-nw-05162000,51.14357124,6.649323167,3427,758.847878655136,68,306.845358963946,360,839.983200335993,940,1015.26132178384,1447,888.662339018234,481,482.553823311062,122,385.868361957175
Kreis,298863,Nordrhein-Westfalen,Viersen,de-nw-05166000,51.28282024,6.326120513,2016,675.63040973283,38,286.619399607784,170,648.508430609598,647,1041.63312618733,795,734.750462107209,292,427.957966320294,73,350.187086251559
Kreis,459976,Nordrhein-Westfalen,Wesel,de-nw-05170000,51.62704254,6.618362629,2835,616.805002249447,61,297.866106743493,229,580.069912356249,842,886.92263127403,1142,710.459683590372,441,399.633895478972,120,353.024240997882
Kreisfreie Stadt,329673,Nordrhein-Westfalen,Bonn,de-nw-05314000,50.70573462,7.10983941,1849,559.926674108156,69,419.759094780387,179,568.777604779003,612,651.708605322287,681,621.288009415113,247,421.796820300893,61,309.849139025753
Kreisfreie Stadt,1087863,Nordrhein-Westfalen,Köln,de-nw-05315000,50.94566688,6.973218552,5365,496.170735894298,219,401.179724852992,453,481.141995305414,1813,594.652392385301,2115,548.033944419252,620,326.585652354841,144,246.275931658429
Kreisfreie Stadt,163729,Nordrhein-Westfalen,Leverkusen,de-nw-05316000,51.05306626,7.015474111,979,597.297214850066,27,333.539221741816,76,496.277915632754,279,763.296126066973,434,752.283718430951,119,352.895821594852,44,356.102298478472
Kreis,557026,Nordrhein-Westfalen,Städteregion Aachen,de-nw-05334000,50.72750461,6.216727218,3962,711.782132148587,76,304.279937542539,319,689.252841277386,1705,1084.54350577893,1288,720.527193188557,473,414.777659882319,101,282.41478623158
Kreis,264638,Nordrhein-Westfalen,Düren,de-nw-05358000,50.81789505,6.44556161,1848,696.990269291695,41,319.563522992985,166,690.975690975691,524,873.755648563472,745,814.528120353363,310,523.136116642479,58,339.359897021824
Kreis,470615,Nordrhein-Westfalen,Rhein-Erft-Kreis,de-nw-05362000,50.90493303,6.716491019,2842,605.181735521527,51,216.17497456765,254,572.962486747423,825,814.806767340569,1214,722.111850010112,396,385.686736661667,100,326.274919246957
Kreis,193656,Nordrhein-Westfalen,Euskirchen,de-nw-05366000,50.53647317,6.644151912,1505,774.340267237432,36,396.083177467268,130,741.163055872292,464,1127.55461592671,573,832.389087422644,244,550.75277069273,58,455.437769925403
Kreis,255555,Nordrhein-Westfalen,Heinsberg,de-nw-05370000,51.04934891,6.164112924,2150,838.733827761271,41,339.319705371183,203,872.480336957923,553,986.689505049424,915,1004.23645103936,354,625.618549413262,84,510.297065791872
Kreis,272057,Nordrhein-Westfalen,Oberbergischer Kreis,de-nw-05374000,51.0127092,7.516628817,1685,620.539641294226,33,243.812338381973,149,580.670303975058,539,900.329062755775,671,708.905158843354,240,405.022276225192,46,241.014356072514
Kreis,283271,Nordrhein-Westfalen,Rheinisch-Bergischer Kreis,de-nw-05378000,51.02300443,7.194846538,1663,588.121083752537,43,332.868865149404,154,590.128755364807,471,839.123463388562,692,681.914484770248,239,369.351548494777,64,291.704649042844
Kreis,600764,Nordrhein-Westfalen,Rhein-Sieg-Kreis,de-nw-05382000,50.76063891,7.234573028,3014,502.685821361649,68,234.985140645518,287,494.452484322238,825,639.723329352833,1274,599.072706924603,446,336.852917629643,109,274.172451956937
Kreisfreie Stadt,117565,Nordrhein-Westfalen,Bottrop,de-nw-05512000,51.57169383,6.920116178,609,518.792380822571,5,93.6504963476306,50,505.356781888013,173,674.700674700675,266,647.264940626825,93,341.171723100627,22,263.915547024952
Kreisfreie Stadt,259645,Nordrhein-Westfalen,Gelsenkirchen,de-nw-05513000,51.55395642,7.071240238,1400,540.707435209664,13,94.4287063267233,102,408.899579073963,406,657.064249878621,571,652.526683884534,195,357.411242874686,99,579.693172502635
Kreisfreie Stadt,315293,Nordrhein-Westfalen,Münster,de-nw-05515000,51.95431679,7.623646795,3806,1202.89630629292,69,473.803474558813,324,1284.7965738758,1569,1526.19036039103,1378,1372.70137270137,386,714.298932252632,77,421.179302045728
Kreis,371339,Nordrhein-Westfalen,Borken,de-nw-05554000,51.96131984,6.899615612,4859,1306.54104082302,89,465.968586387435,360,979.351995429691,1499,1717.28396476074,2000,1518.77586665148,758,1021.68726664959,151,676.674882366121
Kreis,220586,Nordrhein-Westfalen,Coesfeld,de-nw-05558000,51.86685104,7.366012233,2455,1112.30925368806,57,523.560209424084,209,1018.02240623478,789,1662.55768379796,942,1198.79357080136,372,761.717550218072,86,601.566871852266
Kreis,614137,Nordrhein-Westfalen,Recklinghausen,de-nw-05562000,51.67248392,7.159248939,3986,650.750734600285,60,209.907640638119,282,526.34526009295,1116,860.400749381298,1720,805.081374067954,575,398.54444636978,222,500.552411445063
Kreis,448220,Nordrhein-Westfalen,Steinfurt,de-nw-05566000,52.21153668,7.579446713,3552,792.508651329661,70,308.641975308642,313,718.28529465761,1100,1075.20575528317,1476,928.699066267334,487,529.255781603199,106,369.209334726576
Kreis,277840,Nordrhein-Westfalen,Warendorf,de-nw-05570000,51.87022279,7.958294933,2976,1074.19516467989,60,449.404538985844,250,939.002403846154,856,1403.0026879958,1211,1238.7859692912,471,784.63383754248,127,666.037340046151
Kreisfreie Stadt,334195,Nordrhein-Westfalen,Bielefeld,de-nw-05711000,52.01094862,8.540743897,3478,1042.8504178298,67,401.029508589214,295,946.39248018992,1249,1404.93357780002,1314,1188.64545076258,429,673.173487321115,122,527.18001901305
Kreis,364938,Nordrhein-Westfalen,Gütersloh,de-nw-05754000,51.93170893,8.351386053,2351,644.430921719871,49,267.335915761907,186,525.394045534151,708,836.365354628361,950,730.286118413972,359,492.746064207969,99,419.278333050991
Kreis,250578,Nordrhein-Westfalen,Herford,de-nw-05758000,52.16757781,8.643931639,1976,788.674380455563,35,296.158402436961,174,745.245845468563,595,1100.32362459547,805,917.79728651237,308,566.32221527599,59,306.636869185593
Kreis,140251,Nordrhein-Westfalen,Höxter,de-nw-05762000,51.68494074,9.178091498,987,706.367325322589,19,308.141420694129,73,567.651632970451,322,1073.72703324552,402,832.91894579811,152,468.47068976145,19,180.505415162455
Kreis,347514,Nordrhein-Westfalen,Lippe,de-nw-05766000,51.98142265,8.950837273,2476,713.606363662564,35,202.922077922078,193,564.657694558221,764,998.810317553699,1018,877.298815905135,374,486.573688592839,92,344.65964859701
Kreis,310409,Nordrhein-Westfalen,Minden-Lübbecke,de-nw-05770000,52.3524755,8.739348393,2876,927.25690527605,50,333.155650319829,207,695.447673441962,838,1221.00477911178,1126,1064.2018013931,514,757.240932260821,141,604.65714653287
Kreis,307839,Nordrhein-Westfalen,Paderborn,de-nw-05774000,51.66417546,8.719635033,2727,884.427651742423,56,360.198108959928,190,647.734633348106,954,1170.15013246983,1088,1045.54059638097,367,612.565095473361,71,406.690342536373
Kreisfreie Stadt,365587,Nordrhein-Westfalen,Bochum,de-nw-05911000,51.46992737,7.224935232,2132,584.984661987521,44,272.834377131519,144,500.243173765025,734,773.714779638863,802,668.840537407534,327,412.056755462587,80,301.431801055011
Kreisfreie Stadt,588250,Nordrhein-Westfalen,Dortmund,de-nw-05913000,51.51607757,7.474900905,4549,774.209795540552,87,300.020691082144,376,728.413956101435,1617,1073.32032339002,1802,906.379361510565,561,470.511272141707,104,267.118713720655
Kreisfreie Stadt,188686,Nordrhein-Westfalen,Hagen,de-nw-05914000,51.34804507,7.497555538,1255,665.122663458532,14,145.620969419596,93,527.659574468085,385,888.058496528499,496,783.186748985489,209,510.578003615576,58,419.40848940632
Kreisfreie Stadt,179916,Nordrhein-Westfalen,Hamm,de-nw-05915000,51.6651744,7.823586193,1398,781.708359641722,21,242.746503294417,126,730.307772561294,378,877.091212845442,606,989.743254720063,222,587.146257603809,45,378.88355645365
Kreisfreie Stadt,156449,Nordrhein-Westfalen,Herne,de-nw-05916000,51.53753324,7.208557615,958,611.698738371352,18,244.001626677511,66,483.835495931383,309,842.283159788475,380,705.467372134039,140,413.528282380741,40,362.81179138322
Kreis,324106,Nordrhein-Westfalen,Ennepe-Ruhr-Kreis,de-nw-05954000,51.34684479,7.324029334,1527,472.874694395445,39,267.17818729876,143,529.374745492911,454,665.415958257607,631,558.683949567927,204,265.905447151292,56,227.596017069701
Kreis,259777,Nordrhein-Westfalen,Hochsauerlandkreis,de-nw-05958000,51.30682538,8.385079867,2589,999.498127630004,29,253.47434664802,185,802.394170714781,887,1550.10310719653,1039,1144.2731277533,344,590.041337198333,93,490.583953157145
Kreis,410222,Nordrhein-Westfalen,Märkischer Kreis,de-nw-05962000,51.26261144,7.713008099,3343,818.280143492666,46,239.620774079283,302,808.76248627514,947,1058.20697053335,1304,909.021198876271,541,591.243907237,135,461.696306429549
Kreis,133955,Nordrhein-Westfalen,Olpe,de-nw-05966000,51.08615959,7.976477266,940,704.84845758162,19,301.635180187331,79,638.229116173857,302,1003.72241425153,403,838.325844566484,110,387.474021628095,26,297.857715660442
Kreis,276944,Nordrhein-Westfalen,Siegen-Wittgenstein,de-nw-05970000,50.93773864,8.195170269,2737,993.861868445793,62,467.078499321983,232,955.637022696379,936,1401.42837892467,1045,1125.6772914804,354,583.378652296435,107,560.502881089576
Kreis,301785,Nordrhein-Westfalen,Soest,de-nw-05974000,51.5644105,8.217437438,2073,688.999920270019,16,113.386719580469,163,583.476517754868,647,972.347460174331,877,824.643391099117,311,471.312096505319,58,278.004122130087
Kreis,394891,Nordrhein-Westfalen,Unna,de-nw-05978000,51.57857454,7.636444585,3199,812.716898109334,66,364.198212117868,239,683.716672388145,915,1094.11806909087,1349,978.145801006424,494,536.915669459932,98,346.743091674628
Kreisfreie Stadt,159878,Hessen,Darmstadt,de-he-06411000,49.88144614,8.664681555,1352,850.013193109427,30,380.710659898477,105,757.630420665272,564,1083.24050243921,445,891.819311395246,152,552.325581395349,56,647.024841132293
Kreisfreie Stadt,763380,Hessen,Frankfurt am Main,de-he-06412000,50.1179681,8.644190394,5935,777.511961722488,94,224.001525116767,574,832.994717594474,2113,984.361097005921,2366,843.057955780434,622,510.074379013145,163,462.240875705414
Kreisfreie Stadt,130280,Hessen,Offenbach am Main,de-he-06413000,50.09107877,8.780962265,723,553.89175809064,10,131.717597471022,61,471.333642404574,276,771.337544016545,258,565.87634066633,95,432.604735883424,22,343.160193417564
Kreisfreie Stadt,278474,Hessen,Wiesbaden,de-he-06414000,50.07915667,8.260366469,2148,770.97294057263,42,279.051225832171,237,885.915071770335,735,1094.25479015617,791,814.682829864151,269,491.593567251462,74,418.339080784668
Landkreis,270340,Hessen,Bergstraße,de-he-06431000,49.61770122,8.660116116,2493,920.244266922495,76,603.366147983487,274,1152.47108307045,683,1199.19234483364,1030,1066.66114350217,357,574.158062337161,72,394.023969791496
Landkreis,297844,Hessen,Darmstadt-Dieburg,de-he-06432000,49.85550385,8.795469879,2360,793.077618147067,32,218.908195375564,219,786.073223259153,657,1011.57849356408,978,909.632054763942,379,583.939356588192,94,522.280253361485
Landkreis,275726,Hessen,Groß-Gerau,de-he-06433000,49.90450861,8.470252477,1964,712.092151395722,32,215.764277526802,283,1063.62987183824,572,877.031585403251,774,781.605016813596,250,463.203142370118,52,323.60445578443
Landkreis,236914,Hessen,Hochtaunuskreis,de-he-06434000,50.28161525,8.504646058,2201,927.592179736262,40,360.68530207394,331,1366.41347424042,580,1259.33645996179,885,1021.5624711423,294,573.010056911203,71,403.317427857305
Landkreis,420552,Hessen,Main-Kinzig-Kreis,de-he-06435000,50.24386452,9.286222992,3761,892.12666206612,75,371.48942493437,366,952.257057369585,1104,1196.99450293285,1456,973.548369841397,630,677.783754706832,126,463.388621234967
Landkreis,238558,Hessen,Main-Taunus-Kreis,de-he-06436000,50.10257891,8.434571215,1995,834.642904908386,45,377.200335289187,290,1199.33829611249,510,1041.96461406448,844,954.805136037106,248,506.422168222009,53,328.458106098166
Landkreis,96703,Hessen,Odenwaldkreis,de-he-06437000,49.67158617,8.979525239,819,846.476631457097,14,333.253987145918,80,968.054211035818,245,1209.16000394828,304,910.152390646987,141,601.048638049363,31,435.637998875773
Landkreis,355813,Hessen,Offenbach,de-he-06438000,50.02167746,8.811439146,2684,752.78648798739,60,327.958458595245,310,917.512652795454,742,950.16134815346,1061,834.598472393748,428,568.33271365592,69,297.36252370281
Landkreis,187160,Hessen,Rheingau-Taunus-Kreis,de-he-06439000,50.14197172,8.081134713,1553,828.562739752338,41,496.247881868797,181,1075.90798311835,421,1110.08569545155,640,948.063875803632,217,497.763504989104,51,390.83454670856
Landkreis,308339,Hessen,Wetteraukreis,de-he-06440000,50.35477648,8.907657059,2538,817.778465167084,58,402.191248873171,283,984.108217129742,785,1176.13568260817,998,893.456638705115,341,511.167740968371,72,359.892032390283
Landkreis,270688,Hessen,Gießen,de-he-06531000,50.5702779,8.807513717,2774,1021.47113929922,47,364.850178543704,208,916.339926869025,975,1256.47568236295,980,1123.53109773574,445,822.322831008038,102,630.836786443194
Landkreis,253319,Hessen,Lahn-Dill-Kreis,de-he-06532000,50.64826873,8.36532824,2599,1026.54979023021,58,494.290097153571,265,1154.13091764296,748,1345.95314355634,995,1126.33008829522,411,723.018735157006,121,677.301987125665
Landkreis,171912,Hessen,Limburg-Weilburg,de-he-06533000,50.42747035,8.199437238,1414,823.026159230604,38,491.654806572648,152,981.214898973598,419,1102.83473271392,532,875.734579993086,210,545.015701642833,62,542.954724581837
Landkreis,247084,Hessen,Marburg-Biedenkopf,de-he-06534000,50.83686383,8.738043768,2585,1052.8541742069,60,551.724137931035,242,1118.60959600629,993,1458.47102886098,894,1098.40154316816,339,684.530420208792,50,321.00667693888
Landkreis,105643,Hessen,Vogelsbergkreis,de-he-06535000,50.63811937,9.271379509,1414,1340.20813982143,19,441.244774732931,109,1251.00424652818,402,1914.92402229315,527,1432.80498083249,301,1149.77653844685,54,622.76554030677
Kreisfreie Stadt,202137,Hessen,Kassel (Stadt),de-he-06611000,51.31145481,9.46020305,1987,988.321196928097,54,539.029746456379,232,1356.88384606387,810,1372.74175507576,633,984.264211966662,208,532.255175413905,49,388.149556400507
Landkreis,223145,Hessen,Fulda,de-he-06631000,50.56388099,9.759139165,2446,1096.74786905386,60,566.465256797583,217,1065.55364596121,757,1425.3436264357,941,1232.77262484934,342,731.159807589524,121,757.623192035564
Landkreis,120719,Hessen,Hersfeld-Rotenburg,de-he-06632000,50.90618961,9.752932406,1678,1394.79984040431,43,789.135621214902,129,1208.43091334895,480,1902.0446980504,708,1719.94947041104,264,916.889521758761,49,521.165709423527
Landkreis,236764,Hessen,Kassel (Landkreis),de-he-06633000,51.40129614,9.407038916,2809,1185.19706169016,92,884.190293128304,299,1471.38428226957,821,1755.81171539169,1101,1335.53293950679,391,666.757613996794,99,544.015825914936
Landkreis,179673,Hessen,Schwalm-Eder-Kreis,de-he-06634000,51.02377582,9.373652339,2072,1152.69128113879,32,422.386483632524,184,1182.74731632063,687,1848.66261234594,835,1315.54071086463,267,626.554653400291,65,489.015949443274
Landkreis,156406,Hessen,Waldeck-Frankenberg,de-he-06635000,51.19068757,8.88888422,1986,1268.78258203005,22,318.471337579618,143,1029.29532858274,653,1994.44122048807,836,1536.34108242213,291,795.125416689437,37,312.209940089444
Landkreis,100629,Hessen,Werra-Meißner-Kreis,de-he-06636000,51.19075638,9.928906207,1071,1071.5071067309,29,705.424470931647,76,938.503334156582,373,1798.45708775313,387,1141.92977279433,171,671.826503752014,34,407.82055895406
Kreisfreie Stadt,114052,Rheinland-Pfalz,Koblenz,de-rp-07111000,50.34851606,7.579551024,764,674.674568737433,18,350.877192982456,81,901.101346089665,312,961.064563824544,237,662.95560714985,92,395.664889041803,24,283.419933868682
Landkreis,130086,Rheinland-Pfalz,Ahrweiler,de-rp-07131000,50.46758532,7.044976439,778,596.264532989983,26,448.430493273543,68,627.47992986989,206,764.80415815853,338,760.644522459267,112,354.834621720948,24,228.223659186002
Landkreis,128805,Rheinland-Pfalz,Altenkirchen (Westerwald),de-rp-07132000,50.75074766,7.74412526,948,734.388435706152,25,416.597233794368,90,773.129456232282,284,1023.94000576868,369,823.219703730145,153,518.222463080883,27,297.389580350259
Landkreis,158345,Rheinland-Pfalz,Bad Kreuznach,de-rp-07133000,49.82482041,7.686664992,1576,993.410857596412,48,663.99225342371,161,1142.7354673859,425,1288.11299024065,640,1168.07504882189,252,665.909150965833,49,429.862268620054
Landkreis,80951,Rheinland-Pfalz,Birkenfeld,de-rp-07134000,49.71254039,7.277654598,663,821.477174316467,23,616.787342451059,49,728.516205768659,208,1211.06259097525,260,961.467347089712,94,475.54004148328,27,414.619164619165
Landkreis,61375,Rheinland-Pfalz,Cochem-Zell,de-rp-07135000,50.13288001,7.174319965,706,1146.51336516288,19,756.068444090728,49,988.700564971751,248,1973.42245563778,281,1316.28255574293,83,550.106044538706,24,489.496226799918
Landkreis,214434,Rheinland-Pfalz,Mayen-Koblenz,de-rp-07137000,50.33160787,7.332169432,1546,720.251785498124,31,303.951367781155,143,757.896968412126,522,1122.5565041612,580,769.792288804831,215,440.817665511656,52,352.590181719555
Landkreis,182811,Rheinland-Pfalz,Neuwied,de-rp-07138000,50.55770055,7.46900065,1067,582.643026030546,33,371.245359433007,84,502.002031912986,331,836.111953117106,449,712.41570805236,132,317.361094414926,35,269.583301240083
Landkreis,103163,Rheinland-Pfalz,Rhein-Hunsrück-Kreis,de-rp-07140000,50.04420982,7.500099712,556,537.712401234031,18,383.795309168444,78,877.390326209224,165,764.561419767388,203,560.711523588554,61,249.733890117088,30,406.945198046663
Landkreis,122297,Rheinland-Pfalz,Rhein-Lahn-Kreis,de-rp-07141000,50.26328174,7.842709936,936,763.620343629155,20,365.764447695684,73,685.896833599549,270,1080.47540918004,369,858.898561519482,165,560.690498844638,38,431.474963097536
Landkreis,201904,Rheinland-Pfalz,Westerwaldkreis,de-rp-07143000,50.55234937,7.865681372,1614,796.233298821673,48,507.560537168235,148,804.085624252961,498,1142.14944268612,669,923.204305526806,215,482.647151259372,35,260.649389335716
Kreisfreie Stadt,111528,Rheinland-Pfalz,Trier,de-rp-07211000,49.76293883,6.655051022,877,792.417369933318,18,371.900826446281,65,756.253635834788,378,1047.0334053515,319,895.137076633836,77,390.783597239139,18,270.676691729323
Landkreis,112483,Rheinland-Pfalz,Bernkastel-Wittlich,de-rp-07231000,49.92464518,6.967218622,796,706.393929981808,26,502.51256281407,74,754.793961648307,269,1151.04835258879,300,757.441866336759,108,413.207330604124,18,214.515552377547
Landkreis,99058,Rheinland-Pfalz,Eifelkreis Bitburg-Prüm,de-rp-07232000,50.06215977,6.410129965,443,444.755384538504,10,202.71639975674,40,444.790392527521,139,633.228554507767,172,489.470688673876,64,297.397769516729,17,260.696212237387
Landkreis,60646,Rheinland-Pfalz,Vulkaneifel,de-rp-07233000,50.23833585,6.748653732,753,1248.11955497512,21,852.618757612667,52,1029.70297029703,252,2013.10113436651,256,1239.28934501622,135,885.710536674977,37,784.563189143342
Landkreis,149398,Rheinland-Pfalz,Trier-Saarburg,de-rp-07235000,49.69647113,6.695195596,1267,841.675911594136,29,417.026171987345,136,956.870470695842,401,1300.93433688035,526,957.89627039627,145,444.294643951465,30,304.290495993508
Kreisfreie Stadt,48762,Rheinland-Pfalz,Frankenthal (Pfalz),de-rp-07311000,49.53306403,8.356883799,248,508.717948717949,1,39.6982929734021,25,564.461503725446,68,613.165013525699,104,638.389294702597,38,358.456749363268,12,313.152400835073
Kreisfreie Stadt,100030,Rheinland-Pfalz,Kaiserslautern (Stadt),de-rp-07312000,49.4328526,7.760674748,1064,1067.60851678674,12,256.959314775161,92,1180.09235505387,440,1471.62112445232,359,1165.43306064148,137,667.283619891871,21,331.75355450237
Kreisfreie Stadt,46881,Rheinland-Pfalz,Landau in der Pfalz,de-rp-07313000,49.22449388,8.05060076,227,486.237549534112,12,570.071258907363,15,398.30058417419,98,708.553249945774,68,451.167728237792,27,293.605915615485,7,240.467193404328
Kreisfreie Stadt,172253,Rheinland-Pfalz,Ludwigshafen am Rhein,de-rp-07314000,49.48208767,8.396844536,700,405.663056265466,14,145.183034325417,44,257.626324726272,236,538.259778766108,278,469.967710851521,104,326.090364656821,24,225.563909774436
Kreisfreie Stadt,218578,Rheinland-Pfalz,Mainz,de-rp-07315000,49.97418652,8.241497085,1715,789.874863556602,33,326.82975141131,128,744.532340623546,751,1059.80638423979,571,810.285373710426,181,479.940604035744,48,391.996733360555
Kreisfreie Stadt,53264,Rheinland-Pfalz,Neustadt an der Weinstraße,de-rp-07316000,49.34187582,8.152287859,407,763.516302104829,8,319.233838786911,31,683.42151675485,138,1221.13087337404,140,788.776832497605,70,549.838975728537,20,450.34902049088
Kreisfreie Stadt,40231,Rheinland-Pfalz,Pirmasens,de-rp-07317000,49.19712709,7.594363165,328,816.407805655118,6,337.078651685393,27,810.08100810081,89,1013.66742596811,114,884.063590538969,59,597.407857432159,33,925.147182506308
Kreisfreie Stadt,50561,Rheinland-Pfalz,Speyer,de-rp-07318000,49.32971814,8.435019749,245,482.844248241067,5,218.627022299956,23,522.489777373921,54,485.480535826665,99,565.520393008111,50,432.638227913818,14,379.815518176886
Kreisfreie Stadt,83542,Rheinland-Pfalz,Worms,de-rp-07319000,49.64944553,8.324528631,703,842.329766711799,12,275.862068965517,74,949.326491340603,214,1048.04348890739,270,962.258099005667,105,598.188343872842,27,503.16809541558
Kreisfreie Stadt,34193,Rheinland-Pfalz,Zweibrücken,de-rp-07320000,49.24816069,7.36539389,309,908.796800094115,9,604.838709677419,19,654.044750430293,94,1166.39781610622,126,1124.39764411922,47,590.971960266566,14,542.215336948102
Landkreis,129687,Rheinland-Pfalz,Alzey-Worms,de-rp-07331000,49.7594414,8.15718502,1251,957.043950579505,44,689.97961423867,124,1033.16113981003,341,1231.18027223165,518,1103.01946254418,183,626.154793676863,40,538.865687727334
Landkreis,132671,Rheinland-Pfalz,Bad Dürkheim,de-rp-07332000,49.4530206,8.110304937,983,739.075516525819,29,503.122831367106,106,945.247012662743,296,1166.87034335948,380,802.805594287404,144,433.030612858603,27,277.264325323475
Landkreis,75325,Rheinland-Pfalz,Donnersbergkreis,de-rp-07333000,49.63198305,7.915011327,722,955.797667430069,18,524.628388225007,67,985.874043555032,237,1517.96579773266,254,949.355260698935,107,602.715034078747,39,783.604581072936
Landkreis,129013,Rheinland-Pfalz,Germersheim,de-rp-07334000,49.11590817,8.24619377,1293,1002.27896376913,36,569.079987353778,146,1222.882988525,391,1361.94224807552,496,1065.91021425655,171,617.239387814034,52,666.495770315304
Landkreis,105979,Rheinland-Pfalz,Kaiserslautern (Landkreis),de-rp-07335000,49.44622232,7.684981573,1452,1365.68848758465,38,658.693014387242,163,1660.55419722901,492,2218.81482817714,577,1576.20127298058,160,653.835151812349,22,308.036964435732
Landkreis,70219,Rheinland-Pfalz,Kusel,de-rp-07336000,49.54981086,7.471320282,592,844.447614292846,9,285.261489698891,51,876.288659793814,180,1283.42245989305,242,1001.90444646849,87,489.231288309059,23,435.44112078758
Landkreis,110521,Rheinland-Pfalz,Südliche Weinstraße,de-rp-07337000,49.19038234,8.048076004,579,522.643365859383,22,452.209660842754,83,872.490276463786,148,678.401173450678,225,566.579371474617,80,298.429514679002,19,243.340163934426
Landkreis,154609,Rheinland-Pfalz,Rhein-Pfalz-Kreis,de-rp-07338000,49.41664998,8.360681086,709,458.146477635473,20,257.698750161062,55,394.519761853525,189,612.641815235008,320,577.30470864153,103,290.083645478356,22,197.841726618705
Landkreis,211417,Rheinland-Pfalz,Mainz-Bingen,de-rp-07339000,49.92201388,8.079648751,1752,828.270889965725,51,502.314586821629,202,993.654385360815,470,1094.88200899201,722,924.47950011524,261,554.764384551619,43,334.292155795693
Landkreis,94831,Rheinland-Pfalz,Südwestpfalz,de-rp-07340000,49.20827474,7.65886719,1086,1144.2178017532,21,559.701492537313,76,1035.84571350688,282,1549.96152577773,465,1397.27756242676,190,780.479789681236,52,656.15141955836
Stadtkreis,635911,Baden-Württemberg,Stuttgart,de-bw-08111000,48.77453396,9.172067988,5812,922.093272304678,137,452.488687782805,567,1082.04041907597,2057,1103.68879946345,2255,1023.40906409128,602,556.675482236319,194,505.550633241257
Landkreis,392807,Baden-Württemberg,Böblingen,de-bw-08115000,48.67822563,8.942777301,2500,636.297461427648,54,255.669712608305,274,724.695178396678,739,806.583643487847,1044,751.809311201527,326,415.149122583603,63,253.368188216368
Landkreis,535024,Baden-Württemberg,Esslingen,de-bw-08116000,48.64802168,9.369165728,3228,608.114059334691,88,339.270568278202,279,570.914076408357,1020,802.252599455727,1337,704.982863168996,399,369.646380893266,93,262.089956036524
Landkreis,258145,Baden-Württemberg,Göppingen,de-bw-08117000,48.66314836,9.717504977,1108,428.934118038032,17,134.589502018843,78,329.280648429585,356,607.9546424851,436,485.134413387929,163,294.351343542329,58,321.846734365463
Landkreis,545423,Baden-Württemberg,Ludwigsburg,de-bw-08118000,48.94060298,9.124344257,3071,563.516223799065,69,242.778227367088,284,548.930166032047,910,713.417741366469,1302,668.793244263634,405,373.175586023883,101,292.728168565052
Landkreis,427248,Baden-Württemberg,Rems-Murr-Kreis,de-bw-08119000,48.89900813,9.501212956,4032,944.098332264572,98,465.735196274118,419,1061.86167921133,1136,1172.92363606327,1703,1125.48905572592,568,635.197548674249,108,370.344969480831
Stadtkreis,126592,Baden-Württemberg,Heilbronn (Stadt),de-bw-08121000,49.15271959,9.182346901,660,521.91241360768,10,151.171579743008,43,361.435656047743,231,682.46277475774,270,638.358237185549,74,311.02891728312,32,392.927308447937
Landkreis,344456,Baden-Württemberg,Heilbronn (Landkreis),de-bw-08125000,49.17719852,9.190778723,2490,718.898958607011,44,248.363061639196,209,644.186906669954,772,965.820947805635,1003,806.425676979482,366,525.280939190838,94,462.803407020826
Landkreis,112655,Baden-Württemberg,Hohenlohekreis,de-bw-08126000,49.27154614,9.614135781,915,811.42198377156,18,324.382771670571,71,675.997334095021,280,1041.62791562814,377,950.915603087323,139,602.514087559601,30,428.204396231801
Landkreis,196761,Baden-Württemberg,Schwäbisch Hall,de-bw-08127000,49.14446897,9.908932168,1389,702.011523299303,10,98.3671060397403,96,511.345477788431,487,1041.19898231886,570,827.514118552286,196,484.488938326536,30,256.147540983607
Landkreis,132399,Baden-Württemberg,Main-Tauber-Kreis,de-bw-08128000,49.56070071,9.725088401,961,724.277230110639,20,327.707684745207,71,612.33290211298,297,1023.18531022841,400,876.251396525663,151,495.179379550075,22,230.825726576435
Landkreis,132777,Baden-Württemberg,Heidenheim,de-bw-08135000,48.66228146,10.18215043,712,536.096135891335,10,157.455518815935,42,337.783496863439,212,700.479101272096,282,618.964003511853,118,416.07898448519,48,489.446313857449
Landkreis,314025,Baden-Württemberg,Ostalbkreis,de-bw-08136000,48.87752597,10.09015736,2330,742.616785557472,58,388.193561341276,172,590.963751932658,746,1004.87620894959,950,872.063669827515,351,529.395794998643,53,258.511364744903
Stadtkreis,55185,Baden-Württemberg,Baden-Baden,de-bw-08211000,48.74852744,8.231762203,332,598.748399430107,3,128.921357971637,25,576.568265682657,86,757.776015507974,143,754.259190885595,53,398.137019230769,22,448.796409628723
Stadtkreis,312060,Baden-Württemberg,Karlsruhe (Stadt),de-bw-08212000,49.01133399,8.41266977,2292,743.103917830603,53,392.563513813792,171,710.989148060372,856,889.720403284482,860,833.430243826802,294,525.131282820705,58,303.283831834344
Landkreis,445101,Baden-Württemberg,Karlsruhe (Landkreis),de-bw-08215000,49.08188493,8.562796642,3836,858.449777554985,106,509.492910358087,386,947.983692715752,1044,1064.90406683191,1625,1017.60933820951,582,604.210788588514,92,311.558129296624
Landkreis,231420,Baden-Württemberg,Rastatt,de-bw-08216000,48.76181925,8.241247569,1696,730.747853212748,38,352.799182991366,156,760.011692487577,486,965.22412663105,686,832.60510729197,275,536.020583190395,55,342.124906693207
Stadtkreis,161485,Baden-Württemberg,Heidelberg,de-bw-08221000,49.4055153,8.69417185,1026,646.965812235024,20,261.403738073454,70,572.175903220533,442,783.271309587099,340,673.494047501139,130,498.198819652027,23,267.659723030374
Stadtkreis,310658,Baden-Württemberg,Mannheim,de-bw-08222000,49.49941904,8.500324438,2463,795.231837686176,47,313.16631130064,195,768.38206320435,920,1016.63075308028,924,879.53091684435,278,491.383119752541,99,545.574782321173
Landkreis,143633,Baden-Württemberg,Neckar-Odenwald-Kreis,de-bw-08225000,49.46660977,9.280110002,1050,730.196040251187,21,318.66464339909,99,782.608695652174,302,949.297457014428,406,807.510243048649,186,570.464652660635,36,371.248839847375
Landkreis,548355,Baden-Württemberg,Rhein-Neckar-Kreis,de-bw-08226000,49.36848493,8.767084426,4226,771.387348080105,103,388.914061320042,400,788.596888985273,1225,1025.82568500033,1759,901.191683829783,590,490.673053732858,139,382.888466517919
Stadtkreis,125957,Baden-Württemberg,Pforzheim,de-bw-08231000,48.87640055,8.712779093,779,618.175469781615,16,231.247290070819,50,414.490591063583,261,796.362970647464,278,674.331732401882,140,574.92505441255,33,382.65306122449
Landkreis,159201,Baden-Württemberg,Calw,de-bw-08235000,48.67899906,8.635769829,992,619.42316218022,13,169.160702667534,70,470.430107526882,301,841.252096143097,444,792.418482625689,142,415.776066524171,20,187.406296851574
Landkreis,199556,Baden-Württemberg,Enzkreis,de-bw-08236000,48.91446693,8.737081203,1491,746.425567703953,39,399.181166837257,148,807.28740522555,382,872.225774043292,630,886.662069159641,229,531.088383311301,62,459.770114942529
Landkreis,118243,Baden-Württemberg,Freudenstadt,de-bw-08237000,48.47440617,8.465312971,904,763.745733500051,14,249.287749287749,64,583.302952971199,289,1072.27663995251,370,889.294813248089,142,564.904324302821,23,288.94472361809
Stadtkreis,231195,Baden-Württemberg,Freiburg im Breisgau,de-bw-08311000,47.992523,7.818075962,1673,724.430588031523,52,449.050086355786,120,617.824229006848,720,949.141817606581,544,741.508096614143,196,505.754244723125,41,335.62540929928
Landkreis,263601,Baden-Württemberg,Breisgau-Hochschwarzwald,de-bw-08315000,47.92490936,7.924940897,1887,712.433032427596,59,453.044613376334,165,660.528422738191,554,960.088730221999,785,859.304018477773,272,464.361929150662,52,289.419491289586
Landkreis,166408,Baden-Württemberg,Emmendingen,de-bw-08316000,48.14851206,7.897550382,1405,842.612458198991,27,327.789243656671,118,752.983217407951,440,1210.88697470897,580,984.887077602309,188,514.659585534781,52,483.991064780343
Landkreis,430953,Baden-Württemberg,Ortenaukreis,de-bw-08317000,48.42097194,8.016219909,2559,591.56687780295,34,159.962361797224,165,407.01546658773,912,930.963731204638,1027,685.539587074208,349,379.285985980547,72,245.131417676699
Landkreis,139878,Baden-Württemberg,Rottweil,de-bw-08325000,48.25422029,8.532351332,646,460.882096942197,6,85.5066267635742,43,323.91713747646,195,613.844555670979,266,548.600655845897,101,339.039946290702,33,345.839446656885
Landkreis,212506,Baden-Württemberg,Schwarzwald-Baar-Kreis,de-bw-08326000,48.01911974,8.410964353,817,383.798714720583,9,86.8725868725869,62,320.247933884298,265,539.714867617108,320,449.520277578771,121,259.389470073744,38,239.732508989969
Landkreis,140766,Baden-Württemberg,Tuttlingen,de-bw-08327000,48.01120044,8.794136176,611,431.247441453396,3,40.4585300067431,36,253.093363329584,203,600.733901515152,250,517.684088461857,99,354.736992976924,20,218.938149972633
Landkreis,286305,Baden-Württemberg,Konstanz,de-bw-08335000,47.79321279,8.915763012,1623,565.749661874817,25,183.701961936953,86,337.917485265226,656,903.992172750699,609,634.573304157549,212,357.908598247598,32,164.304785376874
Landkreis,228736,Baden-Württemberg,Lörrach,de-bw-08336000,47.70350402,7.774028828,1093,477.62211482158,25,218.971708855216,70,315.656565656566,313,613.316612454442,445,547.624907703667,186,389.879891839772,53,350.019812442214
Landkreis,171003,Baden-Württemberg,Waldshut,de-bw-08337000,47.69713347,8.218892391,809,472.444623533465,9,107.488355428162,72,427.071593807462,250,656.305785991809,338,574.312269552954,120,321.560640977544,20,173.792144595064
Landkreis,287034,Baden-Württemberg,Reutlingen,de-bw-08415000,48.40647635,9.365726299,1598,556.179716657913,20,138.995065675169,125,464.545859967296,518,780.296753784741,640,637.570855042289,234,394.158370812067,61,311.160987553561
Landkreis,228678,Baden-Württemberg,Tübingen,de-bw-08416000,48.4817379,8.987634001,1737,760.70923662084,41,355.995484935313,139,678.048780487805,671,996.154931041138,637,852.869900520826,217,514.388659744939,30,241.409833427215
Landkreis,189363,Baden-Württemberg,Zollernalbkreis,de-bw-08417000,48.26723891,8.937428398,1124,592.535631142619,10,115.888283694518,65,384.934265071657,378,894.039735099338,479,728.240212846826,155,371.168582375479,37,263.664220052733
Stadtkreis,126790,Baden-Württemberg,Ulm,de-bw-08421000,48.39083274,9.950021135,706,558.522210355603,15,244.180367898421,55,489.628772367133,258,687.175389532561,267,643.357991373702,94,409.603904309556,17,229.14139371883
Landkreis,197076,Baden-Württemberg,Alb-Donau-Kreis,de-bw-08425000,48.40171143,9.827447144,1255,633.186010373151,19,186.512221458722,130,671.591672263264,384,829.624508490688,515,740.282888684453,159,402.317755117532,48,394.83425187135
Landkreis,201282,Baden-Württemberg,Biberach,de-bw-08426000,48.10758263,9.774254366,1592,787.639060568603,20,183.183733284484,121,599.187877587402,480,1002.65285233848,669,943.382923217937,228,575.118555140753,73,621.911739649003
Landkreis,217470,Baden-Württemberg,Bodenseekreis,de-bw-08435000,47.73346029,9.400770014,1571,720.969614641512,23,223.127667830811,116,591.836734693878,604,1248.34656084656,575,767.21906439303,211,429.989199323429,42,277.026581360069
Landkreis,285424,Baden-Württemberg,Ravensburg,de-bw-08436000,47.82504412,9.779894558,2159,755.190843966868,37,257.17661777994,155,573.967783743751,783,1128.51851318046,841,851.068136049465,290,497.580728183659,53,301.994301994302
Landkreis,130849,Baden-Württemberg,Sigmaringen,de-bw-08437000,48.0391515,9.241003503,834,637.667435431399,8,126.943827356395,77,628.828093099224,271,884.724625379518,319,702.921863293817,125,450.84036644305,34,397.057106154385
Kreisfreie Stadt,137392,Bayern,Ingolstadt,de-by-09161000,48.75509278,11.39500693,821,600.210292657281,20,272.182906913446,101,828.615965214538,253,684.783197098468,293,617.713406278329,131,516.948818120832,23,282.728948985864
Kreisfreie Stadt,1484226,Bayern,München (Stadt),de-by-09162000,48.15321316,11.54724418,9195,617.99406263397,253,319.085875720466,895,724.960511927423,3390,791.131855309218,3539,679.390602563217,923,365.363681345868,194,244.181802162393
Kreisfreie Stadt,63551,Bayern,Rosenheim (Stadt),de-by-09163000,47.84437772,12.10872475,485,762.68654369329,7,220.611408761425,55,994.75492855851,180,1068.50290870236,169,778.048892776576,60,480.576692030437,14,368.712141164077
Landkreis,111516,Bayern,Altötting,de-by-09171000,48.20980443,12.70528268,913,817.70469486091,13,233.812949640288,125,1228.98436731885,276,1118.58636621545,329,847.370318858497,138,561.066840136608,32,416.178956951489
Landkreis,105929,Bayern,Berchtesgadener Land,de-by-09172000,47.6984724,12.90186609,567,533.26060172863,13,266.94045174538,55,620.557373349882,167,689.712138107628,207,575.175748145267,88,366.681945081045,37,462.789243277048
Landkreis,127917,Bayern,Bad Tölz-Wolfratshausen,de-by-09173000,47.72747715,11.4831154,735,573.26927276698,16,249.493216903165,82,690.642634548977,208,740.503399907437,296,648.497064236263,103,376.875228686425,30,350.140056022409
Landkreis,154899,Bayern,Dachau,de-by-09174000,48.33454826,11.35711281,1284,828.406944435491,39,480.887792848335,159,1073.38148923243,340,946.468836121705,551,954.840051294493,150,506.260758041108,42,481.761871988988
Landkreis,143649,Bayern,Ebersberg,de-by-09175000,48.07617761,11.91317212,1443,1001.450472271,41,558.659217877095,192,1280.59761221904,369,1155.18266912939,615,1137.3513583489,184,684.498344555634,42,498.812351543943
Landkreis,132881,Bayern,Eichstätt,de-by-09176000,48.89808756,11.37038733,961,721.639420585872,29,385.58702300226,130,979.57953432296,269,842.415132155831,373,779.535622479049,140,560.201672602137,20,273.336066694
Landkreis,138182,Bayern,Erding,de-by-09177000,48.30039708,12.0006247,1093,786.948038389816,17,239.605355884426,115,863.233748686383,322,988.609499247797,441,833.648393194707,153,603.812305142271,45,647.016534867002
Landkreis,180007,Bayern,Freising,de-by-09178000,48.44735698,11.74067169,1346,747.034323648323,26,278.164116828929,182,1077.17803030303,487,1028.20707710497,473,704.047154786181,142,460.60527425476,32,381.497377205532
Landkreis,219311,Bayern,Fürstenfeldbruck,de-by-09179000,48.18779329,11.20107762,1861,851.238913778916,34,311.526479750779,277,1298.45778840294,499,1045.09183823067,767,973.43672661277,217,473.034834546802,67,457.337883959044
Landkreis,88424,Bayern,Garmisch-Partenkirchen,de-by-09180000,47.55634898,11.12962861,520,590.174333646734,11,278.904665314402,65,900.776053215078,146,770.407894042531,211,697.105854367649,69,331.874368717233,18,248.138957816377
Landkreis,120302,Bayern,Landsberg am Lech,de-by-09181000,48.02443538,10.94873468,957,790.784918070716,27,464.396284829721,127,1095.20524318731,277,1042.33301975541,361,818.408524144185,133,530.705079605762,32,447.802966694654
Landkreis,100010,Bayern,Miesbach,de-by-09182000,47.74164533,11.80898974,797,795.544154197818,8,171.013253527148,77,850.546780072904,180,853.040140277712,360,996.926144388136,131,595.61698645085,40,565.530892124982
Landkreis,115872,Bayern,Mühldorf a. Inn,de-by-09183000,48.23931452,12.38182802,1006,865.362327549943,14,244.242847173761,107,990.09900990099,294,1090.62581147754,436,1059.30659151097,126,515.232058883664,29,428.867199053534
Landkreis,350473,Bayern,München (Landkreis),de-by-09184000,48.0744744,11.63136804,2201,633.999170682185,61,354.218686487428,332,922.504098474534,604,763.938075483153,856,673.798222621044,245,358.585562906153,101,442.322851887536
Landkreis,97303,Bayern,Neuburg-Schrobenhausen,de-by-09185000,48.66442033,11.19721067,687,703.980354036632,10,201.897839693115,93,993.589743589744,196,874.453466583385,286,813.725211255584,88,443.682565291923,14,250.223413762288
Landkreis,128227,Bayern,Pfaffenhofen a.d. Ilm,de-by-09186000,48.59627518,11.52428271,847,655.938293786011,21,308.91438658429,115,947.281713344316,255,850.567044696464,337,712.428387205885,99,395.193804638537,20,287.562904385334
Landkreis,261330,Bayern,Rosenheim (Landkreis),de-by-09187000,47.87837975,12.16275398,2218,847.467341176291,37,293.907379458257,208,861.3549776379,689,1190.29109441133,861,928.351932718745,351,611.690077027639,71,428.200952897895
Landkreis,136667,Bayern,Starnberg,de-by-09188000,48.00604698,11.28173267,989,723.958714588976,21,334.661354581673,126,911.458333333333,249,907.665949768527,434,885.298737327377,128,423.322419552204,31,313.924050632911
Landkreis,177319,Bayern,Traunstein,de-by-09189000,47.89454276,12.57957507,1132,638.92723328732,21,255.567725447244,112,715.380684721512,334,849.246103384271,447,728.998483291746,186,462.640533280271,30,238.170847888218
Landkreis,135478,Bayern,Weilheim-Schongau,de-by-09190000,47.78753703,11.04833647,1086,797.743399885407,22,331.724969843185,112,874.590035920662,324,1098.23062843197,426,893.625055064924,154,516.882593810834,46,506.998787611595
Kreisfreie Stadt,73411,Bayern,Landshut (Stadt),de-by-09261000,48.54466998,12.15934165,435,595.360295627181,9,261.85627000291,59,953.150242326333,127,664.191203388944,153,603.05072720823,56,386.340117281821,31,646.237231603085
Kreisfreie Stadt,52803,Bayern,Passau (Stadt),de-by-09262000,48.5820984,13.41505042,290,553.27673375942,4,192.400192400192,26,708.833151581243,117,705.839768339768,92,575.971952670131,38,343.829171190735,13,376.266280752533
Kreisfreie Stadt,47791,Bayern,Straubing,de-by-09263000,48.88075448,12.57347487,415,871.629001092162,5,242.248062015504,34,899.470899470899,128,1087.60302489591,161,964.880738343522,77,743.386754199652,10,319.081046585833
Landkreis,119478,Bayern,Deggendorf,de-by-09271000,48.77870212,13.0007258,679,568.300705563321,13,247.90236460717,75,735.943479540771,228,806.53719622201,241,568.369416536956,102,389.669926650367,20,277.932184546971
Landkreis,78362,Bayern,Freyung-Grafenau,de-by-09272000,48.82685817,13.51321006,516,659.817497287984,4,121.065375302663,63,1006.55056718326,136,795.554255630301,207,743.10740953475,83,440.061502571444,23,461.199117706036
Landkreis,123058,Bayern,Kelheim,de-by-09273000,48.82494143,11.85755444,1061,859.875192479131,17,274.326286913022,133,1129.41576086957,292,1001.23439857358,410,920.541547856934,168,684.931506849315,41,598.190837467172
Landkreis,159895,Bayern,Landshut (Landkreis),de-by-09274000,48.55775541,12.19539242,1235,766.792190630991,21,257.542310522443,163,1052.29180116204,328,912.936985081274,504,850.102045979726,187,575.774370343001,32,373.919139985978
Landkreis,192656,Bayern,Passau (Landkreis),de-by-09275000,48.55863045,13.36660359,1465,757.285969791268,25,301.422715215819,162,975.198651577173,410,981.072479720514,544,796.649386404241,267,590.564243215147,57,457.39046701974
Landkreis,77410,Bayern,Regen,de-by-09276000,49.02281441,13.09976379,455,588.516808298734,6,175.541252194266,42,660.896931549961,128,751.482416485646,181,670.991658943466,86,465.796457780426,11,212.930700735579
Landkreis,121502,Bayern,Rottal-Inn,de-by-09277000,48.42451987,12.86735043,983,810.344827586207,12,216.919739696312,134,1258.09783118956,354,1275.62970703758,351,824.466210978789,112,416.465251180605,19,234.509997531474
Landkreis,101120,Bayern,Straubing-Bogen,de-by-09278000,48.89970504,12.58240399,1048,1030.02604550592,20,408.914332447352,122,1301.74989329919,321,1426.92034139403,404,1091.59686571197,148,686.583781777695,33,569.456427955134
Landkreis,96683,Bayern,Dingolfing-Landau,de-by-09279000,48.64116462,12.61047719,702,721.895438278968,8,171.159606332905,85,992.642765385963,236,1027.3376284172,247,707.371556217424,102,510.255127563782,24,431.189363995688
Kreisfreie Stadt,42207,Bayern,Amberg,de-by-09361000,49.45092774,11.8453726,230,549.31988966042,2,109.769484083425,32,933.488914819136,53,536.220153783893,99,701.083492670491,34,354.535974973931,8,237.953599048186
Kreisfreie Stadt,153094,Bayern,Regensburg (Stadt),de-by-09362000,49.0130809,12.11373088,941,619.951402114665,8,112.454315434355,89,750.801417243125,425,854.563368387188,309,618.111260026805,88,338.891670196788,22,260.81802015412
Kreisfreie Stadt,42743,Bayern,Weiden i.d. OPf.,de-by-09363000,49.66924961,12.15453393,287,674.738450687669,6,315.126050420168,31,915.534554046072,99,964.348334307422,98,681.644292967935,35,366.262034323985,18,553.165334972342
Landkreis,103049,Bayern,Amberg-Sulzbach,de-by-09371000,49.48675113,11.80095321,707,687.391988193946,6,124.895920066611,96,1107.39416310993,190,838.592929337512,299,811.485642946317,88,382.226469182991,28,397.163120567376
Landkreis,127998,Bayern,Cham,de-by-09372000,49.23706516,12.69547955,1127,880.603306946461,23,400.976290097629,113,1031.68081804072,315,1103.9074820396,452,994.740201148793,192,661.954835373211,32,384.153661464586
Landkreis,134573,Bayern,Neumarkt i.d. OPf.,de-by-09373000,49.21596141,11.56655792,1239,916.250693288963,26,389.105058365759,169,1367.75655551959,388,1244.62693270033,425,869.38733762913,195,705.882352941176,36,458.540313335881
Landkreis,94450,Bayern,Neustadt a.d. Waldnaab,de-by-09374000,49.68658288,12.09825744,750,793.491468117703,13,286.596119929453,88,1102.61871945871,217,1047.34784497321,301,887.172836595143,109,515.147218677631,22,359.066427289048
Landkreis,194070,Bayern,Regensburg (Landkreis),de-by-09375000,49.02134333,12.12116123,1476,760.262514476901,39,406.25,175,957.959273045763,459,1081.34850519471,583,813.110181311018,192,464.452454099035,28,261.291526689063
Landkreis,147872,Bayern,Schwandorf,de-by-09376000,49.36803336,12.25308476,982,661.381897532951,10,145.687645687646,131,1028.58040201005,322,954.611484984139,375,703.604330450119,121,380.58692164942,23,243.360490953338
Landkreis,72046,Bayern,Tirschenreuth,de-by-09377000,49.89938901,12.20034184,758,1057.24168712341,20,648.088139987038,84,1416.76505312869,247,1604.31280852169,256,1008.07245520772,111,652.672428999824,40,764.379896808714
Kreisfreie Stadt,77373,Bayern,Bamberg (Stadt),de-by-09461000,49.88722213,10.89893625,680,888.175913608264,11,296.096904441454,32,548.885077186964,316,1336.77397521046,208,843.231848218267,86,593.021652185905,27,537.848605577689
Kreisfreie Stadt,74783,Bayern,Bayreuth (Stadt),de-by-09462000,49.93774274,11.58467279,607,819.738547968885,11,379.834254143646,52,1008.53374709077,231,972.017673048601,190,849.351810460438,92,594.737862822419,31,604.642090891359
Kreisfreie Stadt,41072,Bayern,Coburg (Stadt),de-by-09463000,50.26395162,10.96443866,323,790.852553743695,10,587.889476778366,30,952.380952380952,110,1074.32366442035,129,964.702363146874,32,343.237155422074,12,365.07453605111
Kreisfreie Stadt,45825,Bayern,Hof (Stadt),de-by-09464000,50.31079563,11.89726317,379,838.996745843756,5,226.346763241286,31,810.669456066946,111,1032.55813953488,134,904.427645788337,68,636.942675159236,30,845.070422535211
Landkreis,147163,Bayern,Bamberg (Landkreis),de-by-09471000,49.89342862,10.88366378,1577,1071.20822796396,50,683.994528043776,163,1211.08551898358,495,1525.47073869765,645,1181.10236220472,182,588.406453072969,42,499.762018086625
Landkreis,103664,Bayern,Bayreuth (Landkreis),de-by-09472000,49.88376109,11.55515576,1148,1108.22828152278,26,584.138395866098,140,1546.2778882262,321,1531.26937938272,421,1114.58223022345,169,698.664682293605,71,981.340704906704
Landkreis,86747,Bayern,Coburg (Landkreis),de-by-09473000,50.26788951,10.94232605,802,927.562347668388,19,494.66284821661,80,1097.39368998628,253,1429.94404566778,303,979.948253557568,123,599.619753327158,23,354.391371340524
Landkreis,116203,Bayern,Forchheim,de-by-09474000,49.72099688,11.17313196,954,818.181818181818,24,431.577054486603,110,1039.59928173141,306,1222.48411969158,383,905.223351453557,118,463.217398131428,13,179.409329285123
Landkreis,94801,Bayern,Hof (Landkreis),de-by-09475000,50.27321205,11.81919285,978,1034.67975709359,29,785.056848944234,98,1316.14289551437,266,1451.72733722644,362,1092.23667139366,168,704.048277596178,55,660.026401056042
Landkreis,66743,Bayern,Kronach,de-by-09476000,50.32796323,11.37204664,540,813.804536206767,6,244.200244200244,52,1028.07433768288,153,1157.95050329221,210,866.658412777021,94,573.170731707317,25,464.338781575037
Landkreis,71566,Bayern,Kulmbach,de-by-09477000,50.10264208,11.48229914,806,1129.80903847231,10,364.033491081179,56,990.799716914367,229,1589.9465389155,309,1205.43028789888,156,887.372013651877,46,828.828828828829
Landkreis,66776,Bayern,Lichtenfels,de-by-09478000,50.1093305,11.11692157,702,1052.12673481011,20,692.041522491349,92,1658.85322755139,196,1394.32311303977,269,1130.39458755305,108,690.360521605727,17,351.094589012805
Landkreis,72655,Bayern,Wunsiedel i. Fichtelgebirge,de-by-09479000,50.09014053,12.04187211,583,810.014727540501,10,332.55736614566,53,931.458699472759,153,1078.75625749136,233,940.616042953454,104,555.05150237498,30,478.697941598851
Kreisfreie Stadt,41798,Bayern,Ansbach (Stadt),de-by-09561000,49.29218466,10.56366943,462,1108.41870396584,2,92.5497454881999,40,1081.37334414707,147,1460.50670640835,186,1322.52559726962,76,851.922430220827,11,380.886426592798
Kreisfreie Stadt,112528,Bayern,Erlangen,de-by-09562000,49.58232921,10.97814496,812,724.295946968012,14,259.259259259259,73,767.451640033642,360,1016.46102154333,279,768.23526172316,62,323.068104840811,24,358.690778657899
Kreisfreie Stadt,128497,Bayern,Fürth (Stadt),de-by-09563000,49.49141883,10.96548221,980,764.293457492026,15,224.215246636771,127,1170.83064441781,321,1007.75437164474,353,745.748389141227,145,584.229823925219,19,273.263339565655
Kreisfreie Stadt,518370,Bayern,Nürnberg,de-by-09564000,49.43621145,11.08275534,3461,671.524974638391,66,256.849315068493,390,882.972220335529,1178,859.753605418345,1296,731.315069266146,406,402.869702412257,125,373.167746365346
Kreisfreie Stadt,40981,Bayern,Schwabach,de-by-09565000,49.33562051,11.02351259,308,750.194855806703,4,193.050193050193,44,1167.41841337225,89,1002.25225225225,118,803.376906318083,42,475.435816164818,11,401.753104455807
Landkreis,184591,Bayern,Ansbach (Landkreis),de-by-09571000,49.24816458,10.46813339,1880,1014.48336894818,26,284.215128989943,210,1241.64843611423,569,1354.66514296598,751,1142.27481519788,271,696.837233221908,53,445.71524682533
Landkreis,137262,Bayern,Erlangen-Höchstadt,de-by-09572000,49.64004083,10.9148933,1392,1009.37692335542,22,313.033579965851,193,1435.05093315488,439,1541.05381402043,539,1077.15981534403,157,519.162726100327,42,523.821401845847
Landkreis,117853,Bayern,Fürth (Landkreis),de-by-09573000,49.44669052,10.84968649,1060,893.045199882051,27,458.404074702886,124,1180.72748047991,282,1202.66120777892,416,978.915662650602,164,601.768612629802,47,568.731848983543
Landkreis,170792,Bayern,Nürnberger Land,de-by-09574000,49.49190394,11.36940646,1430,835.558567981162,38,470.47170979324,183,1204.6606543348,420,1195.59338438327,584,944.158825621625,167,429.526748971193,38,325.872566675242
Landkreis,101014,Bayern,Neustadt a.d. Aisch-Bad Windsheim,de-by-09575000,49.56948359,10.46529167,1056,1042.73639308002,28,575.303061434148,112,1235.79388723381,338,1516.57917171445,387,1072.20036571175,158,713.511560693642,30,457.3867967678
Landkreis,126749,Bayern,Roth,de-by-09576000,49.20291709,11.12356541,1279,1005.75616507297,27,436.398900921287,163,1423.45646668413,391,1434.8623853211,470,1022.13909790788,178,639.781467903098,50,620.578379049274
Landkreis,94734,Bayern,Weißenburg-Gunzenhausen,de-by-09577000,49.03268584,10.89365914,850,894.687595277395,14,303.030303030303,97,1155.72500893602,259,1230.9300888741,308,936.939129376692,152,716.170373162458,20,303.812851283609
Kreisfreie Stadt,71002,Bayern,Aschaffenburg (Stadt),de-by-09661000,49.96385604,9.145811924,599,845.352677185357,7,206.124852767962,61,1014.6373918829,216,1246.10591900312,208,843.573832988604,83,552.927852907868,24,522.648083623693
Kreisfreie Stadt,53426,Bayern,Schweinfurt (Stadt),de-by-09662000,50.047008,10.22089195,413,774.58316922673,8,312.01248049922,53,1131.75314969037,126,963.597430406852,135,804.57715000894,59,492.076730608841,32,738.347946469774
Kreisfreie Stadt,127934,Bayern,Würzburg (Stadt),de-by-09663000,49.78465542,9.940896029,1143,900.326102367787,21,390.407138873397,94,1141.19218161952,513,1168.72465485032,350,930.430390514927,123,519.074949358542,42,460.981231478433
Landkreis,174200,Bayern,Aschaffenburg (Landkreis),de-by-09671000,50.0080931,9.238037457,1768,1012.26396729609,42,517.050350855595,195,1280.53585500394,524,1423.68092158887,690,1092.94810872458,276,705.864300145776,41,347.163420829805
Landkreis,103235,Bayern,Bad Kissingen,de-by-09672000,50.22251394,9.964701108,1172,1137.9387219029,35,793.111262179923,109,1273.51326089496,318,1510.61707282314,434,1221.02183209543,234,925.852654902271,42,500.35739814153
Landkreis,79635,Bayern,Rhön-Grabfeld,de-by-09673000,50.37131275,10.25490757,751,944.535278581311,15,412.201154163232,77,1095.30583214794,217,1270.26868816953,293,1056.65548703523,127,691.758810392723,22,379.637618636756
Landkreis,84384,Bayern,Haßberge,de-by-09674000,50.06287893,10.60697884,909,1078.61168792643,23,588.837685611879,90,1210.65375302663,254,1392.92569234988,367,1213.9454882244,136,708.00145765006,39,726.527570789866
Landkreis,91155,Bayern,Kitzingen,de-by-09675000,49.75322539,10.25606245,706,769.935438841389,17,388.660265203475,108,1369.86301369863,204,989.858799553593,257,788.029313463956,98,498.9816700611,22,364.540182270091
Landkreis,128743,Bayern,Miltenberg,de-by-09676000,49.75729059,9.234716588,1020,792.276084913355,22,373.007799253984,105,915.591210324381,324,1164.83911558512,370,797.757654161276,160,560.91148115688,39,450.502483539332
Landkreis,126158,Bayern,Main-Spessart,de-by-09677000,49.99358223,9.662681663,1338,1062.10706801295,29,522.993688007214,134,1290.94412331407,377,1444.16778394944,542,1211.57930032413,216,720.384204909285,40,425.124880433627
Landkreis,115445,Bayern,Schweinfurt (Landkreis),de-by-09678000,50.01688178,10.25995031,1073,928.648013004531,32,577.096483318305,124,1235.3058378163,304,1209.51698893929,429,1058.84095172278,145,552.738916631723,39,488.783055520742
Landkreis,162302,Bayern,Würzburg (Landkreis),de-by-09679000,49.73762667,9.927363415,1550,952.69119897724,43,537.432820897388,176,1210.03781368168,423,1207.70877944325,615,1069.82569669137,248,672.050295376944,45,435.076863579232
Kreisfreie Stadt,296582,Bayern,Augsburg (Stadt),de-by-09761000,48.34557086,10.88550536,2129,719.670080789643,47,328.694314287712,262,1090.80311420126,807,954.092429920906,708,713.853599516031,238,426.982418371008,67,357.123820691861
Kreisfreie Stadt,44398,Bayern,Kaufbeuren,de-by-09762000,47.8799286,10.61609675,243,544.086695624916,3,134.770889487871,12,308.166409861325,71,687.784558752301,101,681.327576902321,40,407.456453091576,16,482.800241400121
Kreisfreie Stadt,69151,Bayern,Kempten (Allgäu),de-by-09763000,47.73818425,10.30811849,472,684.65332172904,7,207.591933570581,38,678.571428571429,187,1029.56560039641,158,706.6505657677,64,433.222771271915,18,368.550368550369
Kreisfreie Stadt,44100,Bayern,Memmingen,de-by-09764000,47.97878749,10.16302768,379,856.627592425609,1,47.1253534401508,28,721.463540324659,127,1211.60083953444,158,1045.31921931856,53,560.668570824077,12,393.829996718083
Landkreis,134655,Bayern,Aichach-Friedberg,de-by-09771000,48.42757015,11.05275556,1072,793.932930441996,20,280.583613916947,151,1166.11321337555,342,1149.11632282777,410,837.076357697019,135,485.070604721354,14,174.890693316677
Landkreis,253468,Bayern,Augsburg (Landkreis),de-by-09772000,48.35428718,10.73208453,2151,840.562719812427,30,227.669423996357,257,1068.25172499792,685,1237.80267437658,777,850.826188364377,322,595.667536119282,80,515.696512602334
Landkreis,96562,Bayern,Dillingen a.d. Donau,de-by-09773000,48.5964038,10.52776417,1045,1076.44177335035,21,447.189097103918,105,1176.33878557024,342,1540.4711499482,387,1133.50125944584,149,727.113019715011,33,540.540540540541
Landkreis,127027,Bayern,Günzburg,de-by-09774000,48.35281385,10.38113121,846,664.35268803694,21,334.182049649905,78,667.294037128925,273,908.032596041909,323,711.438074051232,127,485.566813228828,23,309.430916184582
Landkreis,175204,Bayern,Neu-Ulm,de-by-09775000,48.29822655,10.14115581,1195,680.229549035109,26,295.588904047294,131,812.352722311795,395,949.313850368911,462,750.024351439982,148,407.219898745322,31,288.882676358214
Landkreis,81981,Bayern,Lindau (Bodensee),de-by-09776000,47.60516495,9.882861365,629,766.278857282086,6,156.00624024961,54,754.611514812745,218,1215.56819449091,253,873.618784530387,80,441.306266548985,18,302.165519556824
Landkreis,141182,Bayern,Ostallgäu,de-by-09777000,47.76995906,10.63973163,1152,811.799276991269,17,235.131396957123,114,865.27514231499,345,1089.18705603788,449,906.521300222088,176,572.879369832693,51,576.271186440678
Landkreis,145341,Bayern,Unterallgäu,de-by-09778000,48.03981304,10.38923276,1344,921.567554254126,11,149.45652173913,132,987.358815169422,440,1325.18145950667,516,1012.06237128567,191,619.26531141588,51,532.303517378144
Landkreis,133783,Bayern,Donau-Ries,de-by-09779000,48.80693204,10.7123442,1168,869.539322831363,21,328.125,140,1123.59550561798,373,1204.15805785124,425,889.121338912134,157,565.154787616991,50,597.585753555635
Landkreis,156008,Bayern,Oberallgäu,de-by-09780000,47.57270756,10.25862291,1227,790.106712388361,22,288.033516627389,109,805.022156573117,361,1071.47097233765,505,921.583298355749,200,564.047605617914,24,220.52742809887
Landkreis,328714,Saarland,Regionalverband Saarbrücken,de-sl-10041000,49.25138239,6.957296528,2412,736.789393652558,47,327.229687391214,190,720.652380049308,795,1011.29598534575,876,806.362531757428,378,492.610837438424,125,520.74654224296
Landkreis,103243,Saarland,Merzig-Wadern,de-sl-10042000,49.49576456,6.680484797,1018,983.8505474964,26,639.449090014757,110,1269.03553299492,265,1245.06671678256,407,1104.68745759032,178,716.499617598519,31,411.19511871601
Landkreis,131408,Saarland,Neunkirchen,de-sl-10043000,49.37570165,7.117203207,1034,788.277986155582,15,279.173646007817,85,819.435071821074,307,1133.63612865108,412,909.411972452764,184,559.372529944671,31,298.564961957045
Landkreis,194319,Saarland,Saarlouis,de-sl-10044000,49.35534155,6.775543339,1685,869.758222699399,45,543.150271575136,173,1090.51941502774,475,1172.52104366715,619,930.169654529881,285,592.614156200616,88,585.885486018642
Landkreis,142196,Saarland,Saarpfalz-Kreis,de-sl-10045000,49.24869939,7.242221249,1133,799.824927994578,13,228.070175438596,118,1036.63357638584,324,1106.40622865729,441,916.17326269866,195,546.141996919199,42,350.321127700392
Landkreis,87007,Saarland,St. Wendel,de-sl-10046000,49.51957311,7.100433245,855,988.919475352194,14,431.167231290422,71,1055.29131985731,224,1307.11326369843,322,1055.14958875381,150,666.13375965894,74,1078.71720116618
Kreisfreie Stadt,3754418,Berlin,Berlin,de-be-11000000,52.520008,13.404954,19176,525.342186104701,315,163.014790357805,1435,439.764519124394,6654,690.170924656859,8071,632.451641467075,2147,307.388344441024,531,251.388316834496
Kreisfreie Stadt,72184,Brandenburg,Brandenburg an der Havel,de-bb-12051000,52.40271509,12.51933378,304,421.987784564131,11,356.795329224781,31,535.590877677954,67,477.480045610034,124,520.61466118062,61,326.849916947972,10,147.058823529412
Kreisfreie Stadt,99678,Brandenburg,Cottbus,de-bb-12052000,51.772693,14.36621885,800,810.59446971923,23,537.885874649205,54,675.506629972479,203,943.790971221349,307,945.633759433236,151,605.525925331836,62,729.66929504531
Kreisfreie Stadt,57751,Brandenburg,Frankfurt (Oder),de-bb-12053000,52.32476308,14.49034875,330,578.795053933176,2,87.3743993010048,24,512.930113272067,70,590.318772136954,124,658.698539176627,72,476.064533192277,38,763.665594855305
Kreisfreie Stadt,180334,Brandenburg,Potsdam,de-bb-12054000,52.42617849,13.02854917,1277,701.216833596907,35,359.011180633911,118,667.45856666101,404,906.296969289095,510,815.061049670779,165,485.494026952274,44,373.80001699091
Landkreis,185244,Brandenburg,Barnim,de-bb-12060000,52.82322798,13.70373113,1035,552.996375631862,27,332.389511264311,74,422.736361039703,275,868.521618292644,481,700.900533325562,154,333.268410915622,24,182.95471870712
Landkreis,170791,Brandenburg,Dahme-Spreewald,de-bb-12061000,52.04230693,13.81994078,1529,882.203604975882,24,308.008213552361,127,823.979757347694,354,1197.96954314721,720,1139.85371877276,244,589.329275656353,60,445.533526397861
Landkreis,101827,Brandenburg,Elbe-Elster,de-bb-12062000,51.61227102,13.45958892,585,578.720878468616,9,229.182582123759,28,349.519410810136,137,888.975407176692,233,646.145313366611,141,484.452843154097,37,397.294105014496
Landkreis,162996,Brandenburg,Havelland,de-bb-12063000,52.62082081,12.62834691,598,363.099828165132,13,183.589888433837,46,294.852894045253,166,572.453272639492,282,456.517516026679,72,186.702624209107,19,173.04189435337
Landkreis,195751,Brandenburg,Märkisch-Oderland,de-bb-12064000,52.60672381,14.14646433,862,437.130758893481,8,95.2380952380952,69,379.621478873239,201,649.875521355362,401,542.529730899842,138,280.835995848511,44,289.587995261287
Landkreis,212914,Brandenburg,Oberhavel,de-bb-12065000,52.90683265,13.20530222,1376,642.755118235201,24,259.965337954939,110,550.605666232856,364,980.47138047138,632,783.001920336988,203,401.130278419981,42,275.283476437045
Landkreis,109371,Brandenburg,Oberspreewald-Lausitz,de-bb-12066000,51.61630052,13.9436173,703,649.470460164582,16,377.536573855592,54,626.304801670146,159,928.250335688014,279,731.457934614477,148,478.793956843842,47,455.073586367157
Landkreis,178803,Brandenburg,Oder-Spree,de-bb-12067000,52.24400851,14.21905943,953,531.582587741806,17,226.214238190286,81,520.732883317261,232,820.106755275902,397,622.169286464292,168,348.26592591057,58,376.721226292544
Landkreis,98861,Brandenburg,Ostprignitz-Ruppin,de-bb-12068000,52.99142304,12.63595895,444,452.392518824387,4,99.8003992015968,25,300.048007681229,113,686.387657170625,205,583.746227006094,85,315.188371403144,12,150.526843953838
Landkreis,216566,Brandenburg,Potsdam-Mittelmark,de-bb-12069000,52.24629471,12.6891435,1472,675.371867458271,30,319.727166151551,152,701.430549146285,325,912.818784406246,672,808.635067326089,243,467.640436464407,49,330.121943003436
Landkreis,76158,Brandenburg,Prignitz,de-bb-12070000,53.10932673,11.96182693,494,649.179983179142,6,205.761316872428,34,579.611319468121,102,821.123812590565,190,722.955747498193,124,574.393181397072,38,536.344389555399
Landkreis,113720,Brandenburg,Spree-Neiße,de-bb-12071000,51.75859324,14.43312857,681,607.905425135606,13,302.889095992544,41,441.619991383025,118,741.206030150754,326,795.976169547807,140,419.400257631587,42,424.800242742996
Landkreis,169997,Brandenburg,Teltow-Fläming,de-bb-12072000,52.07318431,13.2760182,961,562.505100434848,14,176.968777651372,92,586.36073932441,253,802.257737189244,436,686.171133598779,125,317.50063500127,40,334.75604653109
Landkreis,118947,Brandenburg,Uckermark,de-bb-12073000,53.20590307,13.86129862,475,401.69133192389,3,66.6963094708759,27,274.362361548623,109,582.327171706379,203,492.407703876195,103,301.601710052414,30,285.360981641777
Kreisfreie Stadt,209191,Mecklenburg-Vorpommern,Rostock (Stadt),de-mv-13003000,54.14638839,12.14174712,1294,619.914761720263,29,314.022739577694,129,809.894525364139,459,828.460038986355,405,624.730054914543,196,419.970002142704,72,420.413406516408
Kreisfreie Stadt,95653,Mecklenburg-Vorpommern,Schwerin,de-mv-13004000,53.62151005,11.41652995,720,754.11310650671,9,201.612903225806,49,590.006020469597,218,1072.88744524829,246,800.130102455684,121,513.212028672011,77,934.125925027296
Landkreis,258074,Mecklenburg-Vorpommern,Mecklenburgische Seenplatte,de-mv-13071000,53.54369275,13.00246062,1505,583.20448583065,38,372.147683870336,128,575.074130649654,372,856.550771356205,573,636.150677783576,292,412.627532996072,98,459.317585301837
Landkreis,215794,Mecklenburg-Vorpommern,Rostock (Landkreis),de-mv-13072000,53.91204551,12.22083383,1400,645.407975234024,39,407.523510971787,164,806.213744961164,265,762.107442770045,578,724.910326836732,294,525.12190329898,60,389.888881668724
Landkreis,224702,Mecklenburg-Vorpommern,Vorpommern-Rügen,de-mv-13073000,54.28420295,12.99152542,1168,518.228970241766,25,291.137766391056,103,544.138623276454,285,748.208238166496,485,610.777387383984,222,364.035878851483,47,251.269713980219
Landkreis,157322,Mecklenburg-Vorpommern,Nordwestmecklenburg,de-mv-13074000,53.82151223,11.25210947,1234,781.769267289128,23,335.570469798658,128,915.855752718947,303,1057.96089385475,481,845.491298998066,199,504.282600983224,100,869.565217391304
Landkreis,235623,Mecklenburg-Vorpommern,Vorpommern-Greifswald,de-mv-13075000,53.78951116,13.78069636,1356,575.12946775076,34,355.946398659967,127,641.090358404846,372,824.943451456957,507,635.680880675051,251,403.199897192058,65,339.283850088736
Landkreis,211779,Mecklenburg-Vorpommern,Ludwigslust-Parchim,de-mv-13076000,53.45004704,11.53414161,1566,739.223201978815,46,510.090929252606,200,1078.57412500674,336,940.280964907371,632,812.673593251723,267,481.176449386365,85,558.218953175281
Kreisfreie Stadt,246334,Sachsen,Chemnitz,de-sn-14511000,50.82630369,12.9118299,1150,470.538172920733,16,140.019252647239,47,230.234153032233,354,659.770757618116,450,591.358284272498,212,337.617250330451,71,323.47715157866
Landkreis,334948,Sachsen,Erzgebirgskreis,de-sn-14521000,50.60889842,12.94507247,1122,338.036316307993,10,74.3273375947674,41,139.190657251494,236,455.159112825458,497,444.941808415398,273,278.816103927937,65,212.598940276052
Landkreis,304099,Sachsen,Mittelsachsen,de-sn-14522000,50.95581664,13.13750681,1375,456.092399344554,11,88.0140822531605,59,223.968416657176,314,613.6767838646,609,591.009665773844,311,374.392064332836,71,253.761749883841
Landkreis,225997,Sachsen,Vogtlandkreis,de-sn-14523000,50.45679294,12.23499962,1188,530.582166543847,13,149.219467401286,54,294.647241774431,264,737.883615629717,496,653.173025007572,281,428.621547003463,80,368.935620734182
Landkreis,315002,Sachsen,Zwickau,de-sn-14524000,50.7507748,12.52580551,1247,399.637217858368,13,102.669404517454,52,199.409441270085,289,550.057099352874,547,517.53174257763,271,306.325451010535,74,250.329826460539
Kreisfreie Stadt,556780,Sachsen,Dresden,de-sn-14612000,51.06644429,13.78344907,3246,583.934257056921,46,155.101490323016,191,367.767401559642,1231,829.945456874524,1219,692.924665048516,378,345.562086902466,180,433.150447588796
Landkreis,299758,Sachsen,Bautzen,de-sn-14625000,51.26891358,14.23100852,1444,484.547498406094,15,115.429011158138,85,308.84383402369,327,706.492384141731,629,601.378677349345,280,346.779287368564,108,391.020999275887
Landkreis,252725,Sachsen,Görlitz,de-sn-14626000,51.22561775,14.75079681,994,397.113642350274,12,120.785103170609,45,205.987366108212,216,547.500760417723,432,513.564278751278,225,310.336266585749,64,257.317465422966
Landkreis,241717,Sachsen,Meißen,de-sn-14627000,51.23939775,13.48290068,1432,595.745743038886,13,126.176841696593,96,430.377476912042,337,887.659686553404,638,751.419216545356,243,380.132968322253,105,470.598780925063
Landkreis,245586,Sachsen,Sächsische Schweiz-Osterzgebirge,de-sn-14628000,50.91671794,13.87343405,1276,521.407964956154,11,99.5745451253734,65,277.659120034173,275,693.568726355612,566,665.420472848258,288,447.691590237836,71,321.412403802626
Kreisfreie Stadt,593145,Sachsen,Leipzig (Stadt),de-sn-14713000,51.3422386,12.37477176,4521,756.828950297326,49,154.262687318977,272,533.605367442225,1791,1047.34392177961,1698,901.920165723847,532,481.953906363241,179,439.22068999362
Landkreis,258139,Sachsen,Leipzig (Landkreis),de-sn-14729000,51.22143667,12.59949087,1643,635.870364493432,31,274.676590466064,97,410.009299179981,393,976.785803052145,707,759.047915570682,308,450.457038391225,107,498.997341789861
Landkreis,197741,Sachsen,Nordsachsen,de-st-14730000,51.47286508,12.77939676,1135,574.846538765422,20,230.388204123949,78,448.482060717571,245,755.89287918055,495,693.840935213479,224,434.521153808849,73,446.128460551244
Kreisfreie Stadt,80103,Sachsen-Anhalt,Dessau-Roßlau,de-st-15001000,51.85373809,12.23105596,671,845.57804269476,12,399.467376830892,43,719.304115088658,168,1278.53881278539,257,986.488561338861,148,627.890204064316,43,514.477147642977
Kreisfreie Stadt,238762,Sachsen-Anhalt,Halle (Saale),de-st-15002000,51.47980191,11.96849683,1668,701.238097240031,51,442.477876106195,169,821.38517618469,598,972.68986157875,568,778.861052833656,217,400.05899487482,65,360.850496863376
Kreisfreie Stadt,237565,Sachsen-Anhalt,Magdeburg,de-st-15003000,52.11659764,11.64148202,1315,557.735128830453,14,126.410835214447,104,528.160073129856,480,804.990943851882,480,647.537334574447,188,345.156789307483,49,263.781223083549
Landkreis,83173,Sachsen-Anhalt,Altmarkkreis Salzwedel,de-st-15081000,52.68004816,11.22704527,982,1187.61111178299,27,777.873811581677,90,1214.24716675661,225,1592.69483966872,412,1368.1798558762,191,888.620080022332,37,564.368517388652
Landkreis,158486,Sachsen-Anhalt,Anhalt-Bitterfeld,de-st-15082000,51.79544503,12.14320207,780,496.129553419796,16,265.516096913375,60,483.364214935954,168,659.03028401067,316,566.247356915027,167,370.641631710944,50,365.176745544844
Landkreis,170923,Sachsen-Anhalt,Börde,de-st-15083000,52.2207123,11.34783843,1007,590.383837436315,45,623.355035323452,75,489.907897315305,249,868.321941693402,413,650.813911344333,166,375.999456386328,58,478.903476178681
Landkreis,178846,Sachsen-Anhalt,Burgenlandkreis,de-st-15084000,51.14722563,11.88342243,1621,912.776620305197,42,592.133088960947,141,993.377483443709,322,1099.01361821223,714,1147.2275334608,323,650.030187160394,79,483.683340476336
Landkreis,213310,Sachsen-Anhalt,Harz,de-st-15085000,51.82129589,10.95854382,1449,687.285223367698,36,451.127819548872,108,642.742367434387,382,1077.08791518638,556,748.831634096082,271,448.757223997748,93,504.803777886338
Landkreis,89589,Sachsen-Anhalt,Jerichower Land,de-st-15086000,52.26078983,12.02651884,438,489.916445756854,13,346.020761245675,51,675.407230830354,74,520.943329813446,170,521.376433785193,105,432.900432900433,24,332.640332640333
Landkreis,134942,Sachsen-Anhalt,Mansfeld-Südharz,de-st-15087000,51.53569018,11.35635847,642,480.963422843893,24,509.66234869399,56,530.001892863903,137,667.121153097,233,501.60384060623,142,353.620878573563,50,399.23347173427
Landkreis,183815,Sachsen-Anhalt,Saalekreis,de-st-15088000,51.42567108,11.86547404,1253,683.079472725885,34,447.368421052632,142,880.83865765151,315,1043.56468444592,532,798.630918425556,178,358.632361533657,51,373.298199385156
Landkreis,189125,Sachsen-Anhalt,Salzlandkreis,de-st-15089000,51.85185919,11.64272562,815,434.766373088228,14,193.986420950533,58,382.762489276051,200,634.900479349862,323,490.225837785333,166,313.290303098932,54,329.67032967033
Landkreis,111190,Sachsen-Anhalt,Stendal,de-st-15090000,52.69677817,11.83953435,680,615.468163099063,13,295.588904047294,80,855.706492673013,193,1004.00561826978,254,648.488562091503,121,402.153682531242,19,211.958946898706
Landkreis,124953,Sachsen-Anhalt,Wittenberg,de-st-15091000,51.82014007,12.70158824,577,464.629383580948,31,662.251655629139,77,777.071349278434,142,728.205128205128,197,453.707968678029,107,296.513883500527,23,202.518270670071
Kreisfreie Stadt,213981,Thüringen,Erfurt,de-th-16051000,50.98325269,11.02022481,885,415.083391048799,18,175.678313488191,46,245.805279469916,296,566.962917560527,369,522.677696252018,123,256.945895132651,33,230.045311955385
Kreisfreie Stadt,93125,Thüringen,Gera,de-th-16052000,50.89401708,12.08269619,363,394.025573670842,4,102.643058763151,26,345.102203344837,101,613.347907937086,123,412.571696910744,80,300.514631306112,29,329.807801660412
Kreisfreie Stadt,111343,Thüringen,Jena,de-th-16053000,50.9242638,11.58701125,697,629.45335994437,20,373.482726423903,55,576.338677564707,310,926.617844866238,228,687.886559058682,62,278.014438814403,19,251.855779427359
Kreisfreie Stadt,36789,Thüringen,Suhl,de-th-16054000,50.61160285,10.68817756,166,456.106608050556,0,0,7,271.0027100271,41,684.58841208883,70,591.565959604496,37,316.077225354519,10,292.740046838408
Kreisfreie Stadt,65228,Thüringen,Weimar,de-th-16055000,50.97834717,11.31787228,403,619.066637991951,17,548.918308040039,28,465.657741559953,126,803.981623277182,155,729.102968154664,59,410.377686582736,18,374.220374220374
Landkreis,100006,Thüringen,Eichsfeld,de-th-16061000,51.3836492,10.25348539,836,841.518956798005,14,286.415711947627,73,763.119381141543,236,1307.47922437673,351,994.19345701742,138,546.102097348635,22,317.597805687888
Landkreis,83416,Thüringen,Nordhausen,de-th-16062000,51.50227798,10.73090674,215,260.745124672553,6,171.086398631309,14,197.405527354766,49,313.6,81,288.430723213332,42,188.416849849715,23,337.342329128777
Landkreis,118974,Thüringen,Wartburgkreis,de-th-16063000,50.8858017,10.21070395,852,532.709754465821,17,344.827586206897,50,488.758553274682,189,953.48602562809,373,874.068519473216,165,516.270337922403,58,619.790553537081
Landkreis,102232,Thüringen,Unstrut-Hainich-Kreis,de-th-16064000,51.18523871,10.55179556,687,675.529508938229,10,220.167327168648,44,474.291257949768,199,1116.59746380878,297,830.188679245283,104,388.523610280932,27,335.487077534791
Landkreis,74212,Thüringen,Kyffhäuserkreis,de-th-16065000,51.32476308,10.9848332,274,372.677565898643,2,71.3521227256511,15,247.279920870425,62,513.840543676446,123,476.855082577344,65,303.072690819229,7,115.970841616965
Landkreis,124916,Thüringen,Schmalkalden-Meiningen,de-th-16066000,50.63070769,10.40504341,664,534.445150956608,9,181.122962366673,37,357.799052316024,140,650.466942340752,326,742.918347348511,121,355.255431591309,31,305.65963320844
Landkreis,134908,Thüringen,Gotha,de-th-16067000,50.91066058,10.69376272,544,404.271605121765,12,209.900297358755,28,239.602943693308,142,585.012153421497,237,494.52269170579,99,282.115581899008,26,254.527655408713
Landkreis,69427,Thüringen,Sömmerda,de-th-16068000,51.15780806,11.15475118,216,312.558785651236,5,166.168162180126,18,289.110183103116,46,399.826162538027,107,423.376726150437,35,186.806148590948,4,85.5066267635742
Landkreis,63197,Thüringen,Hildburghausen,de-th-16069000,50.43400275,10.73409041,291,464.44075587334,1,38.9559797428905,9,171.330668189606,62,570.902394106814,152,662.367090814014,52,311.97504199664,15,306.0599877576
Landkreis,106249,Thüringen,Ilm-Kreis,de-th-16070000,50.73793376,10.96635749,938,888.207109444539,20,447.227191413238,64,711.34822718684,250,1213.06225435489,402,1112.98762424209,161,579.762333453367,40,482.975126780971
Landkreis,82156,Thüringen,Weimarer Land,de-th-16071000,50.971572,11.37355327,309,375.496712884763,16,432.549337658827,27,339.409176618479,81,595.106898831827,133,444.875568637945,36,167.076623195805,13,238.619676945668
Landkreis,57717,Thüringen,Sonneberg,de-th-16072000,50.41463055,11.13295266,213,376.902040530117,3,147.637795275591,10,227.324391907252,35,371.668259530636,102,498.26583948024,51,316.083049271769,11,209.006270188106
Landkreis,103199,Thüringen,Saalfeld-Rudolstadt,de-th-16073000,50.63779796,11.30911625,284,278.052457924985,2,50.1630298470028,19,236.553784860558,71,440.091737432592,125,351.637222909868,51,172.00094431891,16,162.46953696182
Landkreis,82950,Thüringen,Saale-Holzland-Kreis,de-th-16074000,50.90417214,11.73153078,324,394.851236476043,11,323.719835197175,21,288.461538461538,52,380.395025603511,151,507.938643702906,72,318.035248906754,16,256.615878107458
Landkreis,80312,Thüringen,Saale-Orla-Kreis,de-th-16075000,50.58084802,11.71057373,258,323.990355635925,1,31.3381385145722,14,206.733608978145,53,408.635312259059,130,458.036783877105,52,234.519460605241,8,117.233294255569
Landkreis,97398,Thüringen,Greiz,de-th-16076000,50.74845955,12.07407057,279,288.616708735052,3,83.2639467110741,12,152.264940997335,64,457.077560348522,115,339.914873492551,76,263.669164585068,9,97.2342264477096
Landkreis,89393,Thüringen,Altenburger Land,de-th-16077000,50.95642466,12.39913134,323,365.566571596722,6,182.592818015825,21,301.550832854681,56,419.979001049947,141,461.493143062874,70,263.148001954814,29,335.066435586366
