woche,Baden-Württemberg 2016,Baden-Württemberg 2017,Baden-Württemberg 2018,Baden-Württemberg 2019,Baden-Württemberg 2020,Baden-Württemberg 2021,Baden-Württemberg Covid-19 2020,Baden-Württemberg Covid-19 2021,Baden-Württemberg Ø2016-19,Bayern 2016,Bayern 2017,Bayern 2018,Bayern 2019,Bayern 2020,Bayern 2021,Bayern Covid-19 2020,Bayern Covid-19 2021,Bayern Ø2016-19,Berlin 2016,Berlin 2017,Berlin 2018,Berlin 2019,Berlin 2020,Berlin 2021,Berlin Covid-19 2020,Berlin Covid-19 2021,Berlin Ø2016-19,Brandenburg 2016,Brandenburg 2017,Brandenburg 2018,Brandenburg 2019,Brandenburg 2020,Brandenburg 2021,Brandenburg Covid-19 2020,Brandenburg Covid-19 2021,Brandenburg Ø2016-19,Bremen 2016,Bremen 2017,Bremen 2018,Bremen 2019,Bremen 2020,Bremen 2021,Bremen Covid-19 2020,Bremen Covid-19 2021,Bremen Ø2016-19,Deutschland 2016,Deutschland 2017,Deutschland 2018,Deutschland 2019,Deutschland 2020,Deutschland 2021,Deutschland Covid-19 2020,Deutschland Covid-19 2021,Deutschland Ø2016-19,Hamburg 2016,Hamburg 2017,Hamburg 2018,Hamburg 2019,Hamburg 2020,Hamburg 2021,Hamburg Covid-19 2020,Hamburg Covid-19 2021,Hamburg Ø2016-19,Hessen 2016,Hessen 2017,Hessen 2018,Hessen 2019,Hessen 2020,Hessen 2021,Hessen Covid-19 2020,Hessen Covid-19 2021,Hessen Ø2016-19,Mecklenburg-Vorpommern 2016,Mecklenburg-Vorpommern 2017,Mecklenburg-Vorpommern 2018,Mecklenburg-Vorpommern 2019,Mecklenburg-Vorpommern 2020,Mecklenburg-Vorpommern 2021,Mecklenburg-Vorpommern Covid-19 2020,Mecklenburg-Vorpommern Covid-19 2021,Mecklenburg-Vorpommern Ø2016-19,Niedersachsen 2016,Niedersachsen 2017,Niedersachsen 2018,Niedersachsen 2019,Niedersachsen 2020,Niedersachsen 2021,Niedersachsen Covid-19 2020,Niedersachsen Covid-19 2021,Niedersachsen Ø2016-19,Nordrhein-Westfalen 2016,Nordrhein-Westfalen 2017,Nordrhein-Westfalen 2018,Nordrhein-Westfalen 2019,Nordrhein-Westfalen 2020,Nordrhein-Westfalen 2021,Nordrhein-Westfalen Covid-19 2020,Nordrhein-Westfalen Covid-19 2021,Nordrhein-Westfalen Ø2016-19,Rheinland-Pfalz 2016,Rheinland-Pfalz 2017,Rheinland-Pfalz 2018,Rheinland-Pfalz 2019,Rheinland-Pfalz 2020,Rheinland-Pfalz 2021,Rheinland-Pfalz Covid-19 2020,Rheinland-Pfalz Covid-19 2021,Rheinland-Pfalz Ø2016-19,Saarland 2016,Saarland 2017,Saarland 2018,Saarland 2019,Saarland 2020,Saarland 2021,Saarland Covid-19 2020,Saarland Covid-19 2021,Saarland Ø2016-19,Sachsen-Anhalt 2016,Sachsen-Anhalt 2017,Sachsen-Anhalt 2018,Sachsen-Anhalt 2019,Sachsen-Anhalt 2020,Sachsen-Anhalt 2021,Sachsen-Anhalt Covid-19 2020,Sachsen-Anhalt Covid-19 2021,Sachsen-Anhalt Ø2016-19,Sachsen 2016,Sachsen 2017,Sachsen 2018,Sachsen 2019,Sachsen 2020,Sachsen 2021,Sachsen Covid-19 2020,Sachsen Covid-19 2021,Sachsen Ø2016-19,Schleswig-Holstein 2016,Schleswig-Holstein 2017,Schleswig-Holstein 2018,Schleswig-Holstein 2019,Schleswig-Holstein 2020,Schleswig-Holstein 2021,Schleswig-Holstein Covid-19 2020,Schleswig-Holstein Covid-19 2021,Schleswig-Holstein Ø2016-19,Thüringen 2016,Thüringen 2017,Thüringen 2018,Thüringen 2019,Thüringen 2020,Thüringen 2021,Thüringen Covid-19 2020,Thüringen Covid-19 2021,Thüringen Ø2016-19
1,2115,2523,2269,2185,2229,2772,,575,2273,2590,3291,2734,2681,2685,3612,,862,2824,662,760,681,707,682,1041,,258,702,665,731,614,643,660,1049,,314,663,149,176,161,171,144,181,,16,164,18467,20918,19342,18686,18883,24844,,5551,19353,415,379,350,353,344,451,,95,374,1305,1429,1309,1329,1361,1861,,497,1343,487,436,463,422,411,507,,66,452,2014,2105,1966,1809,1937,2164,,269,1974,3919,4482,4270,4095,4082,4879,,909,4192,906,1055,972,975,924,1177,,252,977,250,295,261,267,266,355,,68,268,658,700,718,692,724,981,,235,692,1034,1235,1195,1071,1122,2069,,701,1134,730,678,752,687,758,804,,110,712,568,643,627,599,554,941,,324,609
2,2111,2689,2142,2387,2165,2773,,470,2332,2640,3395,2715,2782,2764,3599,,834,2883,708,772,708,710,699,931,,225,724,638,733,601,670,703,1057,,295,660,132,178,178,168,178,158,,8,164,18439,22070,18770,19170,19408,24501,,5044,19612,365,420,344,355,378,437,,80,371,1309,1541,1329,1303,1377,1807,,425,1370,461,443,467,451,413,537,,71,456,1932,2160,1905,1869,2054,2092,,307,1966,4000,4792,4174,4257,4193,5006,,901,4306,911,1089,959,998,1005,1223,,185,989,253,328,275,244,259,298,,58,275,650,765,677,619,634,1007,,274,678,1059,1347,1074,1105,1216,1834,,534,1146,719,724,650,667,747,794,,104,690,551,694,572,585,623,948,,273,600
3,2178,2510,2282,2359,2213,2751,,435,2332,2651,3272,2784,2819,2695,3440,,761,2882,726,828,757,695,743,928,,220,752,649,716,703,635,677,936,,267,676,159,166,151,117,134,156,,17,148,18627,21236,19187,19163,18953,24076,,4784,19553,366,406,388,356,344,463,,89,379,1281,1497,1346,1376,1338,1739,,360,1375,415,470,440,433,421,575,,97,440,1922,2064,1997,1936,1902,2166,,332,1980,4047,4623,4164,4121,4197,4941,,791,4239,924,1088,890,975,956,1212,,244,969,244,306,262,265,266,333,,52,269,616,679,664,654,660,1035,,274,653,1123,1229,1066,1096,1090,1709,,485,1128,733,728,719,732,713,850,,122,728,593,654,574,594,604,842,,238,604
4,2188,2779,2197,2404,2171,2533,,341,2392,2531,3389,2772,2822,2821,3195,,556,2878,709,826,700,698,739,822,,166,733,616,717,632,629,663,864,,226,648,170,184,186,159,175,148,,19,175,18707,22083,19171,19505,18827,22644,,4090,19866,377,419,377,370,340,396,,66,386,1313,1588,1327,1371,1394,1679,,343,1400,434,470,448,448,396,557,,102,450,1966,2087,1988,1944,1937,2165,,299,1996,4114,4825,4239,4253,3986,4752,,729,4358,913,1042,924,1000,926,1120,,205,970,247,291,275,282,256,274,,40,274,601,791,630,635,671,934,,225,664,1166,1231,1143,1163,1139,1537,,425,1176,738,703,775,732,662,826,,142,737,624,741,558,595,551,842,,206,630
5,2044,2907,2257,2353,2370,2379,,260,2390,2625,3398,2848,2863,3041,3061,,457,2934,728,848,759,728,707,815,,113,766,621,799,659,685,694,814,,142,691,162,179,179,171,178,183,,26,173,18493,23640,19558,19812,19774,21732,,3333,20376,348,429,394,374,370,416,,57,386,1245,1757,1327,1479,1345,1539,,284,1452,439,474,426,459,454,560,,92,450,1895,2277,2067,1990,1896,2179,,312,2057,4100,5238,4221,4400,4265,4549,,588,4490,936,1248,954,974,1012,1024,,170,1028,266,313,280,274,300,318,,43,283,635,784,679,646,674,868,,190,686,1114,1391,1138,1053,1121,1467,,304,1174,718,805,757,717,740,778,,119,749,617,793,613,646,607,782,,176,667
6,2175,2739,2301,2385,2277,2290,,231,2400,2693,3145,2924,2827,2803,2902,,341,2897,751,834,747,765,750,790,,96,774,659,806,684,674,684,791,,131,706,168,185,143,168,160,165,,18,166,18541,22744,20086,19981,19038,20930,,2680,20338,346,383,369,383,369,363,,36,370,1300,1684,1369,1415,1351,1505,,226,1442,402,429,429,459,399,513,,59,430,1858,2208,2011,2019,1936,2133,,249,2024,4082,5067,4538,4368,4085,4443,,518,4514,899,1197,923,1022,936,995,,100,1010,274,306,326,272,262,301,,35,294,601,784,662,715,648,846,,154,690,1097,1369,1235,1161,1132,1388,,262,1216,690,867,771,753,709,797,,86,770,546,741,654,595,537,708,,138,634
7,2165,2561,2447,2404,2261,2241,,142,2394,2647,3142,3019,2910,2883,2917,,251,2930,673,852,789,806,687,751,,86,780,629,837,711,697,723,721,,87,718,174,181,180,162,181,165,,14,174,18483,22683,21254,20150,19648,20468,,2028,20642,333,423,399,348,342,405,,38,376,1213,1628,1484,1423,1396,1499,,155,1437,441,527,478,441,424,477,,54,472,1906,2317,2134,1945,1969,2061,,193,2076,4148,4851,4732,4465,4300,4411,,424,4549,949,1114,1102,1081,978,965,,70,1062,220,331,296,286,269,322,,32,283,627,902,757,692,690,765,,131,744,1053,1406,1344,1136,1198,1262,,162,1235,676,873,799,744,737,819,,59,773,629,738,583,610,610,687,,130,640
8,2116,2587,2644,2448,2194,2124,,113,2449,2640,3038,3157,2964,2780,2586,,217,2950,731,882,873,767,688,723,,60,813,672,807,794,667,646,690,,78,735,134,209,195,168,170,159,,19,176,18475,22266,22888,20349,18953,18950,,1708,20994,346,407,426,350,351,347,,42,382,1328,1596,1612,1468,1302,1366,,119,1501,434,526,540,459,421,441,,34,490,1823,2346,2263,2013,1928,1946,,197,2111,4007,4681,5065,4519,4212,4192,,337,4568,954,1148,1202,1072,945,889,,56,1094,238,285,366,257,266,298,,19,286,700,804,758,663,694,709,,95,731,1104,1390,1344,1178,1111,1136,,148,1254,637,859,904,769,648,677,,56,792,611,701,745,587,597,667,,118,661
9,2181,2405,2953,2542,2294,2087,,130,2520,2683,2872,3444,3031,2821,2558,,179,3008,760,760,852,815,746,740,,59,797,648,699,844,686,652,652,,58,719,143,190,256,178,155,155,,17,192,18926,20930,25535,20790,19505,18435,,1357,21545,351,402,432,384,339,353,,30,392,1347,1489,1701,1483,1346,1303,,94,1505,399,471,527,424,476,439,,38,455,2004,2216,2605,2068,1943,1827,,125,2223,4145,4492,5944,4540,4293,4078,,261,4780,1013,1027,1330,1040,989,863,,32,1102,260,332,383,288,293,251,,18,316,672,733,941,728,662,707,,74,768,1087,1295,1538,1225,1156,1101,,114,1286,670,846,947,716,744,675,,37,795,563,701,838,642,596,646,,91,686
10,2215,2126,3037,2383,2342,2056,2,107,2440,2645,2778,3500,2938,2768,2691,0,156,2965,682,668,969,735,707,677,0,41,764,632,641,908,686,638,676,0,45,717,157,152,230,151,188,145,0,15,172,18888,19102,26777,20453,19667,18602,2,1229,21305,333,350,427,386,364,362,0,23,374,1337,1374,1833,1470,1401,1324,0,103,1504,416,440,589,476,452,464,0,27,480,1875,2014,2705,2068,2025,1884,0,108,2166,4232,4247,6179,4488,4389,4033,0,246,4786,953,948,1412,1035,960,878,0,31,1087,274,264,415,310,308,245,0,9,316,653,688,1013,750,671,689,0,76,776,1098,1144,1650,1202,1125,1150,0,126,1274,757,691,969,734,710,714,2,32,788,629,577,941,641,619,614,0,84,697
11,2175,2145,2763,2385,2354,2033,5,91,2367,2602,2671,3230,2864,2787,2668,5,166,2842,752,694,900,744,694,701,0,47,772,683,641,862,682,669,677,0,53,717,132,155,229,174,167,155,0,9,172,18971,18665,24385,19795,19849,18333,19,1108,20454,356,357,460,388,350,326,0,27,390,1320,1273,1661,1365,1417,1292,0,84,1405,405,373,572,443,458,404,0,31,448,1882,1951,2545,1937,1999,1907,0,93,2079,4343,4159,5331,4288,4462,3855,8,202,4530,999,947,1256,1057,1058,939,0,39,1065,269,277,403,282,275,247,0,5,308,676,632,911,711,689,692,0,47,732,1084,1065,1494,1133,1099,1073,2,97,1194,689,735,924,722,731,735,0,27,768,604,590,844,620,640,629,0,90,664
12,2250,2012,2568,2237,2410,2129,44,115,2267,2478,2570,3100,2783,2967,2635,40,136,2733,710,649,860,690,680,676,2,34,727,654,582,772,637,633,640,2,39,661,154,133,174,129,144,169,0,17,148,18826,17640,22777,19016,19722,18389,162,1187,19565,343,327,406,317,355,333,2,29,348,1329,1243,1546,1310,1326,1316,4,107,1357,417,385,546,456,447,431,0,30,451,1931,1794,2374,1917,2012,1779,7,87,2004,4300,3931,5081,4292,4378,4065,48,237,4401,914,936,1163,982,977,857,5,36,999,271,248,324,270,281,243,2,7,278,703,616,857,656,636,688,2,69,708,1082,1008,1391,1049,1139,1126,2,135,1132,740,674,897,708,756,653,2,10,755,550,532,718,583,581,649,2,99,596
13,2165,2054,2351,2208,2485,2067,175,136,2194,2629,2496,2929,2593,2908,2730,183,187,2662,678,709,784,650,736,688,18,34,705,597,614,795,616,676,659,6,58,656,150,159,184,153,160,136,4,7,162,18617,17731,20906,18562,19678,18490,601,1374,18954,362,366,418,346,370,337,15,26,373,1311,1244,1429,1321,1325,1313,15,112,1326,428,411,494,412,465,437,2,38,436,1882,1768,2088,1873,1985,1797,30,105,1903,4165,3891,4578,4135,4345,3995,99,234,4192,961,918,1020,950,940,905,18,52,962,270,240,297,285,303,267,7,5,273,655,606,777,617,656,670,7,82,664,1079,1025,1255,1048,1072,1110,12,147,1102,736,662,822,741,705,670,7,20,740,549,568,685,614,547,709,2,131,604
14,2139,1915,2200,2239,2609,2236,316,176,2123,2460,2534,2794,2657,3270,2595,434,212,2611,672,623,771,672,736,710,22,37,684,639,613,717,630,715,692,24,72,650,136,134,172,141,188,167,4,14,146,18244,17028,20038,18671,20662,18817,1370,1506,18495,343,327,365,361,426,310,25,16,349,1232,1190,1403,1296,1382,1325,55,117,1280,389,404,500,415,432,448,6,36,427,1845,1699,2059,1879,2064,1846,97,101,1870,4173,3684,4501,4174,4429,4071,267,294,4133,967,905,977,937,1017,916,24,44,946,296,245,287,257,313,231,22,6,271,627,601,679,632,644,715,5,82,635,1067,953,1230,1104,1137,1178,38,180,1088,684,652,753,682,693,677,20,17,693,575,549,630,595,607,700,11,102,587
15,2032,1998,2223,2015,2570,2188,352,147,2067,2506,2477,2680,2595,3284,2662,522,241,2564,675,646,738,702,740,726,53,33,690,572,549,708,582,681,735,31,55,603,145,148,164,140,161,167,12,14,149,17712,16901,19165,17852,20502,19060,1743,1507,17908,317,314,353,326,394,346,55,20,328,1270,1128,1287,1307,1421,1390,89,120,1248,419,391,464,411,419,422,2,24,421,1842,1669,1929,1818,2031,1818,135,88,1814,3936,3748,4199,4004,4484,4150,323,321,3972,911,879,984,897,981,937,38,63,918,241,233,264,248,279,268,37,7,246,599,573,672,597,615,692,12,89,610,1045,1000,1123,1004,1149,1183,36,164,1043,666,644,748,621,689,706,24,13,670,536,504,629,585,604,670,21,108,564
16,1952,1917,2090,2132,2453,2187,315,182,2023,2382,2331,2499,2479,3078,2774,479,218,2423,619,640,664,660,668,722,29,39,646,544,562,649,646,652,700,41,59,600,122,150,144,146,167,155,5,10,140,16775,16637,17992,18089,19261,19238,1596,1586,17373,312,358,344,365,387,357,53,27,345,1241,1166,1252,1298,1371,1337,93,122,1239,371,360,387,420,394,477,4,35,384,1638,1667,1877,1889,1824,1872,92,103,1768,3799,3727,4025,3996,4173,4200,300,351,3887,817,858,919,919,888,938,41,54,878,239,234,288,279,298,238,39,14,260,584,597,626,619,597,721,8,84,606,991,939,1029,1052,1063,1197,43,158,1003,661,626,641,633,667,696,27,19,640,503,505,558,556,581,667,27,111,530
17,2011,1989,1973,2079,2270,2335,233,180,2013,2360,2443,2491,2527,2793,2778,317,218,2455,616,641,660,631,691,686,25,33,637,590,611,583,615,701,700,31,61,600,121,163,128,151,140,172,2,9,141,17053,17634,17093,17894,18557,19505,1176,1572,17418,284,324,273,332,377,341,43,22,303,1252,1280,1233,1259,1269,1418,81,128,1256,382,428,414,445,382,503,2,31,417,1784,1785,1630,1832,1834,1883,83,98,1758,3793,3933,3720,3836,4014,4196,218,370,3820,855,876,845,885,914,961,40,50,865,235,253,233,272,248,247,19,10,248,627,623,617,650,622,754,6,82,629,985,1036,1091,1090,1055,1189,28,169,1050,640,678,688,701,675,674,23,15,677,518,571,514,589,572,668,25,96,548
18,1946,1941,1994,1981,2120,2209,144,154,1966,2390,2354,2451,2393,2701,2732,231,213,2397,630,592,624,631,701,703,16,19,619,562,582,583,592,587,632,12,39,580,123,149,134,165,157,150,5,7,143,16901,17129,16789,17090,17920,19308,797,1417,16977,309,338,336,330,316,353,28,25,328,1185,1280,1193,1220,1220,1374,42,122,1220,367,396,382,382,421,452,2,39,382,1733,1711,1640,1763,1791,1896,62,84,1712,3780,3789,3588,3697,3861,4322,146,342,3714,844,876,828,889,872,975,22,46,859,224,251,257,272,241,265,14,8,251,604,620,607,629,641,682,8,61,615,1005,1076,1023,949,1113,1213,24,155,1013,650,645,633,678,632,710,20,21,652,549,529,516,519,546,640,22,82,528
19,2019,2014,1982,2015,2135,2180,88,144,2008,2420,2435,2371,2431,2531,2643,137,158,2414,626,660,662,680,683,666,20,15,657,616,592,613,548,584,689,7,31,592,150,139,132,134,134,135,2,2,139,17629,17343,17226,17118,17651,18587,516,1143,17329,343,295,342,308,365,334,19,9,322,1241,1193,1188,1194,1279,1310,37,84,1204,387,373,395,400,403,424,2,27,389,1827,1757,1687,1779,1783,1790,35,69,1762,4031,3873,3864,3738,3775,4126,97,262,3876,898,904,900,802,934,891,19,40,876,244,234,241,267,265,250,9,11,246,659,625,653,568,582,676,6,52,626,1014,1056,1002,1006,1020,1182,13,144,1020,651,649,656,667,667,641,6,13,656,503,544,538,581,511,650,20,81,542
20,1923,1928,1880,2124,2009,2107,66,108,1964,2363,2417,2333,2409,2436,2515,86,137,2380,609,684,630,644,666,653,9,16,642,570,587,537,503,574,628,4,27,549,152,147,114,156,137,145,5,4,142,16601,17079,16488,17315,17001,17784,353,920,16871,329,321,318,369,312,316,9,9,334,1138,1169,1199,1202,1204,1249,21,71,1177,367,397,386,434,382,389,0,13,396,1725,1784,1649,1784,1806,1766,31,54,1736,3676,3739,3641,3808,3750,3884,60,206,3716,845,856,820,880,847,884,18,36,850,238,236,276,283,215,250,8,12,258,565,619,626,577,583,617,2,40,597,970,978,927,1021,983,1107,8,117,974,609,636,618,592,589,665,7,13,614,522,581,534,529,508,609,20,57,542
21,1877,1930,1939,2078,2007,2017,45,88,1956,2293,2278,2450,2555,2450,2434,75,96,2394,566,593,632,629,669,627,5,19,605,583,555,571,610,559,603,5,14,580,143,160,130,122,127,128,5,2,139,16286,16451,16513,17080,17163,17154,274,688,16582,299,322,319,346,331,321,8,9,322,1110,1162,1111,1208,1246,1202,20,67,1148,368,412,364,386,408,391,0,7,382,1684,1678,1646,1672,1688,1720,31,47,1670,3632,3630,3606,3637,3791,3759,42,147,3626,853,872,832,840,867,875,7,26,849,211,248,225,263,243,217,5,6,237,598,585,577,560,596,618,2,26,580,963,933,1004,1016,1011,1029,9,82,979,599,592,597,626,638,687,5,16,604,507,501,510,532,532,526,11,37,512
22,1878,1925,1914,2008,1895,2157,31,52,1931,2236,2504,2339,2400,2431,2490,37,62,2370,609,608,646,642,620,674,8,11,626,597,568,623,555,556,697,0,9,586,170,147,147,135,169,154,2,2,150,16346,16902,17039,16921,16776,18159,151,469,16802,315,320,343,280,313,361,2,8,314,1248,1208,1133,1222,1248,1287,13,38,1203,396,392,400,416,416,419,0,5,401,1656,1622,1736,1656,1706,1934,12,32,1668,3597,3763,3862,3760,3695,3906,21,99,3746,818,894,863,851,889,910,0,23,856,215,234,221,261,217,266,2,5,233,572,592,638,582,575,680,2,23,596,905,943,1029,1006,923,977,4,65,971,579,651,627,600,602,664,5,6,614,555,531,518,547,521,583,11,29,538
23,1916,1806,2030,2008,2018,2071,18,42,1940,2302,2294,2479,2497,2508,2372,27,39,2393,558,597,613,653,637,679,2,10,605,525,575,531,608,612,620,2,10,560,152,144,138,153,143,150,2,2,147,15799,15846,16714,17491,17262,17402,115,287,16462,284,313,310,343,331,361,2,4,312,1163,1124,1148,1213,1215,1239,10,21,1162,347,349,381,417,389,428,0,4,374,1584,1593,1630,1721,1822,1744,6,17,1632,3426,3431,3671,3824,3788,3839,29,73,3588,798,767,827,870,880,797,2,7,816,242,242,249,260,218,272,2,4,248,509,576,570,678,589,609,2,9,583,890,936,1034,1067,1016,1029,5,28,982,621,600,598,665,590,641,2,6,621,482,499,505,514,506,551,5,10,500
24,1804,1836,1788,1927,1884,2232,12,39,1839,2249,2368,2249,2255,2396,2576,15,36,2280,595,605,592,664,668,698,2,4,614,534,560,538,584,612,648,2,4,554,135,139,135,154,139,134,5,2,141,15717,16087,15582,16484,16601,19039,74,232,15968,339,267,317,304,302,384,2,4,307,1124,1153,1097,1167,1196,1367,2,21,1135,333,333,373,370,409,481,0,2,352,1597,1535,1552,1682,1649,1967,7,20,1592,3499,3630,3385,3562,3656,4233,15,44,3519,798,815,827,846,762,1007,2,9,822,239,228,220,216,235,289,2,0,226,520,539,567,599,584,648,2,9,556,898,944,893,1016,965,1055,2,32,938,570,602,582,592,617,738,4,2,586,483,533,467,546,527,582,6,6,507
25,2025,2023,1812,1967,1932,2017,5,19,1957,2385,2413,2266,2386,2289,2504,14,20,2362,620,557,614,641,614,692,2,7,608,583,569,518,598,593,613,2,2,567,129,143,147,145,158,148,0,2,141,16910,16819,15843,16639,16401,17174,52,134,16553,324,306,306,275,339,318,0,2,303,1174,1200,1089,1148,1169,1197,6,8,1153,389,364,369,397,382,437,0,2,380,1688,1699,1585,1705,1629,1685,7,7,1669,3713,3764,3480,3557,3617,3794,9,34,3628,836,895,811,866,797,828,0,2,852,245,248,246,262,225,217,2,0,250,640,549,579,566,557,620,2,2,584,989,975,916,988,944,995,0,15,967,637,589,618,643,636,606,0,2,622,533,525,487,495,520,503,5,9,510
26,1914,1915,1935,2162,2017,1935,6,10,1982,2252,2446,2379,2449,2364,2364,8,14,2382,588,580,553,648,662,632,2,2,592,557,523,574,617,595,625,0,2,568,118,145,132,123,161,153,2,2,130,15699,16076,16569,17918,17293,16977,56,94,16566,287,305,320,333,340,360,2,2,311,1089,1166,1182,1272,1155,1217,2,8,1177,341,336,396,416,404,404,0,4,372,1544,1572,1671,1752,1717,1708,6,6,1635,3490,3451,3633,4149,3905,3771,23,26,3681,759,833,910,892,920,851,2,2,848,222,235,237,273,218,227,2,2,242,542,545,577,599,647,580,2,0,566,944,901,901,1077,990,971,2,11,956,557,600,632,647,676,649,0,2,609,495,523,537,509,522,530,0,2,516
27,1920,1981,1979,2111,1853,1975,4,5,1998,2300,2291,2414,2389,2313,2454,6,12,2348,576,556,606,603,608,656,2,0,585,523,532,527,569,591,648,2,2,538,131,136,136,126,155,164,2,0,132,16229,16424,16622,16552,16457,16945,45,59,16457,297,336,323,300,308,292,0,2,314,1124,1185,1163,1109,1143,1152,2,8,1145,380,354,395,361,413,413,0,0,372,1697,1631,1686,1631,1634,1758,8,2,1661,3666,3637,3638,3530,3688,3728,15,18,3618,851,886,830,856,815,851,0,2,856,242,268,245,259,222,239,2,2,254,566,590,582,531,620,598,0,2,567,948,954,976,1028,956,895,2,4,976,531,594,614,639,650,641,0,2,594,477,493,508,510,488,481,2,2,497
28,1824,1767,1822,1899,1909,1991,2,5,1828,2301,2154,2309,2272,2321,2381,10,8,2259,580,588,562,623,599,667,2,2,588,533,514,540,583,582,675,0,2,542,137,140,139,131,146,140,0,0,137,16172,15603,16070,16319,16142,17612,29,58,16041,306,291,289,285,301,341,0,4,293,1122,1072,1118,1158,1123,1282,2,9,1118,382,350,367,386,356,431,0,0,371,1628,1592,1682,1676,1547,1782,2,4,1644,3740,3444,3567,3598,3490,3866,7,16,3587,846,805,808,841,843,1029,2,2,825,201,237,248,231,242,232,0,0,229,578,596,549,553,567,618,0,2,569,947,976,958,973,1012,991,0,4,964,545,563,601,630,581,664,2,0,585,502,514,511,480,523,522,2,2,502
29,2011,1951,1944,1985,1823,2140,2,9,1973,2492,2376,2350,2423,2390,2516,4,12,2410,599,566,592,594,630,629,2,2,588,514,566,552,563,607,632,0,2,549,158,157,147,139,154,138,0,2,150,16985,16589,16702,16856,16537,17569,25,61,16783,331,337,295,308,317,336,0,2,318,1201,1162,1161,1216,1152,1321,2,2,1185,379,385,361,408,392,420,0,2,383,1645,1634,1620,1682,1701,1755,2,2,1645,3899,3674,3871,3646,3602,3826,10,15,3772,866,909,853,871,839,935,2,2,875,224,217,236,253,225,256,0,0,232,603,609,609,600,596,583,0,0,605,971,913,986,989,1001,966,0,6,965,622,605,648,650,625,603,2,2,631,470,528,477,529,483,513,2,2,501
30,1881,1958,2058,2296,1967,1993,8,2,2048,2276,2259,2329,2748,2392,2475,2,6,2403,607,583,686,646,667,663,2,2,630,563,556,629,625,610,601,0,2,593,153,125,153,178,129,130,0,0,152,16157,16058,18340,19630,16887,17196,32,39,17546,307,312,350,336,329,352,0,2,326,1119,1132,1285,1385,1235,1215,2,4,1230,342,378,408,407,404,394,0,0,384,1623,1567,2016,1897,1648,1756,2,2,1776,3548,3575,4283,4883,3676,3758,13,10,4072,805,800,960,1023,826,867,0,2,897,232,222,267,280,244,234,0,0,250,599,544,632,634,572,633,2,2,602,1040,925,1014,1069,1005,957,0,4,1012,559,620,712,623,642,654,0,2,628,503,502,558,600,541,514,0,2,541
31,1825,1960,2292,1963,2088,1942,4,7,2010,2206,2404,2700,2439,2596,2411,2,9,2437,572,634,803,629,669,658,2,2,660,542,567,715,619,609,596,0,0,611,123,119,189,146,159,131,2,0,144,15439,16494,20371,17034,17433,16982,30,58,17334,301,319,414,316,316,336,2,2,338,1072,1191,1430,1241,1296,1168,4,7,1234,332,383,476,357,397,389,0,2,387,1538,1651,2085,1723,1734,1709,2,5,1749,3381,3468,4712,3812,3822,3769,9,17,3843,785,857,993,819,878,866,2,2,864,239,221,265,228,213,235,0,2,238,554,594,737,585,540,599,0,0,618,886,1015,1205,993,1015,956,0,2,1025,634,597,780,646,594,658,2,2,664,449,514,575,518,507,559,2,0,514
32,1861,1781,2274,1994,1970,2024,2,5,1978,2228,2262,2559,2292,2412,2542,2,13,2335,571,584,729,620,706,608,2,2,626,538,526,669,559,610,618,2,2,573,115,120,154,141,144,172,0,2,132,15487,15784,18478,16540,17470,17521,30,75,16572,310,330,341,293,328,340,0,5,318,1078,1172,1323,1196,1210,1195,2,12,1192,349,358,399,391,408,379,0,0,374,1508,1627,1727,1657,1744,1795,2,5,1630,3431,3478,4216,3596,3976,3826,17,17,3680,776,715,939,821,885,985,2,6,813,231,226,277,226,252,250,0,0,240,498,552,618,593,627,614,0,2,565,918,966,1074,998,995,939,0,2,989,613,622,663,635,666,660,0,2,633,462,465,516,528,537,574,2,2,493
33,1934,1897,2015,1855,2195,2048,2,12,1925,2362,2299,2407,2211,2592,2482,2,18,2320,633,600,705,607,740,654,0,7,636,552,559,582,529,670,652,0,0,556,149,119,123,123,195,146,0,2,128,16258,16148,16890,15934,19720,17433,31,125,16308,296,325,328,322,426,333,0,6,318,1143,1210,1187,1118,1336,1225,2,12,1164,349,345,357,404,424,433,0,2,364,1556,1671,1669,1606,2110,1738,2,9,1626,3719,3506,3694,3484,4746,3861,19,43,3601,792,788,843,771,1014,880,2,2,798,243,224,241,240,293,264,0,2,237,524,564,564,556,672,554,0,0,552,899,912,1043,946,1059,1011,0,7,950,606,633,579,639,734,647,0,2,614,501,496,553,523,514,505,0,2,518
34,1969,1862,2034,1914,2061,2023,4,28,1945,2411,2293,2359,2359,2433,2368,2,21,2356,623,544,609,600,682,600,2,4,594,557,545,588,541,599,620,2,2,558,169,137,138,130,163,148,2,0,144,17147,15880,16612,16263,17559,17140,41,161,16476,307,319,331,312,350,350,2,4,317,1217,1148,1258,1143,1228,1196,2,13,1192,385,349,377,382,394,408,0,4,373,1772,1641,1611,1674,1807,1773,7,12,1674,3893,3454,3522,3669,3959,3818,17,52,3634,881,818,903,743,865,830,2,7,836,257,214,248,212,245,255,0,2,233,598,504,534,500,625,606,2,2,534,978,919,993,1023,959,958,0,4,978,597,632,598,580,678,653,2,6,602,533,501,509,481,511,534,0,0,506
35,1872,1867,1851,2032,2013,2007,2,41,1906,2257,2232,2189,2468,2361,2479,6,37,2286,608,586,654,715,623,652,2,6,641,562,590,511,632,588,626,0,4,574,117,138,138,132,146,129,2,2,131,16101,16064,16000,17637,16656,17316,39,266,16450,286,328,299,332,321,357,2,13,311,1181,1149,1140,1245,1193,1257,6,17,1179,368,375,379,429,406,429,0,2,388,1637,1641,1674,1726,1690,1763,2,13,1670,3576,3508,3541,3849,3669,3837,16,92,3618,781,783,793,919,800,888,2,13,819,220,243,250,240,231,251,2,2,238,580,564,544,627,576,561,0,2,579,978,969,917,1060,952,906,0,10,981,628,569,612,679,582,613,0,12,622,450,522,508,552,505,561,0,2,508
36,1838,1833,1905,1873,1968,2160,2,53,1862,2277,2201,2323,2226,2394,2715,2,59,2257,596,581,632,611,615,647,0,7,605,533,505,538,578,577,669,0,2,538,135,135,160,123,159,162,2,2,138,16116,15706,16390,15988,16789,18799,19,327,16050,283,309,305,277,330,378,2,19,294,1116,1153,1204,1123,1231,1294,0,27,1149,371,357,361,380,414,443,0,2,367,1639,1533,1649,1610,1702,1944,0,31,1608,3615,3467,3661,3464,3669,4240,11,91,3552,810,834,808,827,816,957,2,13,820,237,219,236,241,228,283,0,6,233,563,543,550,578,576,663,2,2,558,954,977,933,923,1006,999,0,4,947,623,589,612,607,641,682,0,6,608,526,470,513,547,463,563,0,2,514
37,1876,1887,1894,1927,1962,2127,2,67,1896,2308,2342,2274,2274,2478,2545,8,70,2300,605,617,633,588,650,651,2,13,611,559,578,535,549,604,605,0,9,555,140,149,148,131,135,155,0,5,142,16372,16146,16292,16303,17155,17991,33,418,16278,314,290,291,299,317,368,2,24,298,1156,1172,1232,1216,1209,1282,4,33,1194,366,381,385,383,390,443,0,2,379,1662,1627,1611,1659,1757,1842,2,38,1640,3697,3492,3564,3511,3787,3969,9,103,3566,814,764,819,793,812,913,2,22,798,233,226,237,248,247,252,0,4,236,551,582,566,593,623,633,0,5,573,975,902,956,990,1015,1007,2,9,956,600,623,594,603,629,638,0,11,605,516,514,553,539,540,561,2,4,530
38,1877,1955,2053,1856,2025,2156,7,43,1935,2153,2336,2359,2342,2474,2580,10,80,2298,559,643,640,633,658,682,2,7,619,529,539,531,562,609,626,0,9,540,141,139,145,140,142,127,0,2,141,15606,16505,16651,16500,17555,18062,54,398,16316,295,306,312,329,319,313,0,19,310,1138,1213,1190,1161,1300,1248,5,32,1176,358,356,366,418,417,480,0,2,374,1596,1652,1586,1701,1731,1855,7,34,1634,3498,3559,3690,3572,3872,4013,17,115,3580,774,838,802,902,940,919,2,23,829,225,265,258,240,251,256,2,2,247,512,613,521,563,587,608,2,7,552,895,1001,1002,962,1042,1006,2,11,965,547,583,660,637,644,663,0,2,607,509,507,536,482,544,530,2,8,508
39,1960,1961,1872,2087,1975,2084,9,51,1970,2315,2402,2273,2589,2424,2621,9,83,2395,646,611,589,657,663,665,0,15,626,546,519,524,583,585,659,0,8,543,158,157,114,152,152,167,0,5,145,16336,16747,15969,17402,17446,18033,67,378,16614,274,297,306,310,288,359,2,14,297,1112,1229,1165,1187,1282,1265,7,26,1173,365,347,389,419,365,440,0,4,380,1614,1712,1620,1774,1849,1804,6,34,1680,3620,3663,3491,3758,3817,3956,20,83,3633,835,857,838,879,914,926,6,18,852,258,264,242,256,252,233,2,2,255,574,610,547,575,615,622,2,11,576,970,965,904,974,1045,985,6,9,953,585,597,570,630,661,679,0,4,596,504,556,525,572,559,568,0,10,539
40,1910,2001,1913,1980,2103,2129,12,64,1951,2267,2386,2399,2485,2648,2653,16,92,2384,648,654,637,606,673,665,2,17,636,572,600,556,563,575,633,2,9,573,153,164,143,147,143,152,0,6,152,16352,16664,16622,16899,17614,18119,82,394,16634,304,320,315,326,311,335,5,10,316,1118,1153,1182,1220,1232,1281,2,16,1168,377,365,361,399,414,416,0,4,376,1678,1692,1643,1685,1789,1807,13,29,1674,3565,3584,3685,3720,3693,3988,18,77,3638,855,809,864,806,878,976,2,17,834,233,230,253,256,262,272,0,7,243,548,597,557,557,638,593,0,7,565,989,967,964,990,1006,1001,9,20,978,625,643,648,626,698,688,2,7,636,510,499,502,533,551,530,2,12,511
41,2116,1992,2007,2079,2021,2322,15,74,2048,2522,2615,2365,2472,2598,2790,16,115,2494,643,688,624,617,688,684,8,11,643,588,615,613,629,602,649,2,7,611,148,151,129,158,143,140,2,2,146,17427,17470,16993,17666,17501,18822,123,451,17389,355,303,330,342,314,319,4,6,332,1246,1245,1193,1267,1254,1245,11,18,1238,385,392,414,414,402,480,0,13,401,1714,1759,1689,1833,1736,1829,11,33,1749,3825,3793,3780,3871,3845,4051,37,66,3817,917,886,871,880,894,960,6,27,888,254,260,252,260,270,278,0,2,256,578,621,597,632,609,706,2,13,607,981,960,951,1054,947,1123,9,30,986,644,651,647,651,634,696,0,9,648,511,539,531,507,544,550,2,23,522
42,2099,1982,1923,2057,1998,2405,47,85,2015,2543,2476,2351,2533,2541,2910,37,129,2476,697,677,594,658,706,692,7,18,656,580,557,596,666,646,703,7,19,600,143,145,148,144,148,145,2,5,145,17599,17139,16552,17713,17754,19646,241,589,17251,351,303,305,360,337,348,5,9,330,1200,1210,1219,1233,1272,1374,20,25,1216,414,382,388,409,400,516,2,15,398,1778,1674,1656,1730,1783,1922,18,27,1710,3793,3828,3646,3917,3865,4181,56,108,3796,877,851,831,922,842,944,7,18,870,274,248,229,262,260,277,2,6,253,603,629,579,598,664,671,2,15,602,961,1006,957,1030,1061,1177,26,64,988,697,643,601,654,675,709,2,10,649,589,528,529,540,556,672,4,36,546
43,2058,2008,2055,2065,2227,2465,54,136,2046,2476,2496,2457,2500,2632,2978,57,157,2482,646,590,662,625,717,774,15,24,631,546,591,575,583,673,681,12,32,574,173,136,144,128,151,137,2,2,145,17586,17059,16608,17327,18588,20069,414,838,17145,346,356,332,360,340,375,11,17,348,1264,1239,1203,1176,1342,1335,52,47,1220,404,379,384,381,389,474,2,20,387,1773,1693,1658,1779,1774,1976,31,34,1726,3928,3700,3525,3877,4119,4270,101,111,3758,920,851,828,873,946,986,8,33,868,253,224,213,231,292,295,5,4,230,564,627,546,610,630,580,5,24,587,1065,980,938,1004,1134,1293,51,108,997,649,635,617,627,686,767,5,19,632,521,554,471,508,536,683,2,70,514
44,2099,2036,1947,2084,2180,2400,109,154,2042,2647,2371,2457,2518,2685,3068,84,285,2498,715,651,665,622,723,690,30,36,663,550,604,557,596,624,717,22,30,577,159,144,137,164,161,150,11,2,151,17580,16762,16895,17488,18584,20065,798,1173,17181,330,285,300,285,314,365,21,22,300,1242,1177,1232,1255,1381,1436,67,58,1226,387,382,372,401,402,444,2,10,386,1759,1712,1752,1723,1821,1926,51,55,1736,3870,3654,3710,3824,4098,4205,204,150,3764,827,859,842,844,912,983,34,40,843,235,237,258,257,247,266,16,9,247,552,572,581,575,617,683,14,40,570,993,982,956,1088,1212,1317,102,178,1005,644,596,621,677,631,710,16,8,634,571,500,508,575,576,705,15,97,538
45,2120,2092,2119,2213,2274,2455,156,178,2136,2562,2547,2508,2562,2733,3307,185,383,2545,613,654,660,641,740,711,95,24,642,607,555,603,627,632,698,29,64,598,175,159,126,148,147,148,14,2,152,17782,17371,17604,17859,19007,20811,1265,1535,17654,333,315,348,329,331,362,19,14,331,1222,1243,1257,1270,1375,1443,122,80,1248,352,425,380,425,412,447,7,15,396,1840,1718,1775,1765,1793,2045,88,66,1774,3897,3786,3854,3830,4231,4238,272,189,3842,894,903,920,906,938,1065,45,51,906,239,249,232,292,308,305,19,13,253,607,577,606,624,631,679,11,50,604,1079,964,1016,1027,1259,1404,146,249,1022,692,619,632,700,659,704,30,14,661,550,565,568,500,544,800,27,142,546
46,2269,2039,2022,2116,2284,2613,199,216,2112,2688,2538,2417,2645,2878,3438,287,499,2572,664,617,629,693,850,701,98,28,651,563,643,574,605,678,725,36,68,596,172,150,165,157,137,184,7,6,161,18591,17594,16842,18242,19727,22039,1665,1930,17817,369,371,347,364,359,368,32,21,363,1363,1224,1188,1348,1460,1566,158,92,1281,403,390,406,404,440,504,9,29,401,1873,1778,1671,1858,1853,2136,96,87,1795,4102,3914,3598,3955,4235,4504,355,207,3892,896,879,862,957,1023,1013,65,49,898,278,264,250,245,298,326,22,10,259,628,575,542,573,654,822,20,71,580,1084,1022,1012,1041,1333,1589,223,337,1040,698,656,606,675,676,698,18,18,659,541,534,553,606,569,852,40,192,558
47,2125,2046,2105,2243,2448,2748,264,286,2130,2651,2527,2596,2622,2871,3671,354,597,2599,661,603,723,627,793,764,102,31,654,567,584,581,610,669,834,80,104,586,142,160,144,170,156,175,17,10,154,17911,17676,17785,18535,20182,22922,2141,2358,17977,311,336,405,357,380,379,36,21,352,1292,1239,1296,1292,1444,1568,193,85,1280,374,392,430,423,441,497,16,28,405,1725,1804,1841,1826,1953,2066,139,96,1799,4044,3988,3758,4130,4417,4609,422,273,3980,928,900,905,976,952,1070,96,60,927,248,257,262,260,279,327,28,17,257,598,616,599,656,608,806,30,87,617,1037,1036,996,1042,1515,1805,282,451,1028,629,664,651,698,636,729,13,21,660,579,524,493,603,620,874,69,191,550
48,2078,2108,2163,2223,2565,2792,380,315,2143,2603,2510,2541,2669,3088,3699,499,593,2581,743,605,688,646,856,797,134,47,670,613,561,613,641,772,881,95,127,607,162,127,154,166,164,172,16,2,152,18146,17877,18091,18581,21304,23760,2927,2653,18174,347,357,370,327,384,391,73,18,350,1318,1265,1284,1357,1540,1612,237,100,1306,403,368,397,455,466,450,12,28,406,1872,1829,1775,1884,1954,2149,166,118,1840,3884,3998,3913,4076,4507,4987,567,336,3968,861,919,907,925,1082,1126,149,84,903,269,262,244,237,284,304,16,27,253,651,655,677,641,691,823,53,113,656,1030,1053,1084,1066,1655,1877,434,489,1058,698,648,714,726,641,767,15,23,696,614,612,567,542,655,933,81,232,584
49,2289,2128,2183,2203,2694,2780,425,288,2201,2682,2528,2578,2778,3424,3546,674,479,2642,670,635,704,716,964,768,178,32,681,627,648,645,702,805,892,120,125,656,165,164,167,149,174,171,14,13,161,18793,18295,18342,19143,22604,23601,3450,2455,18643,367,309,351,365,436,372,58,25,348,1321,1290,1291,1374,1659,1541,318,95,1319,409,415,417,400,474,589,15,45,410,1922,1843,1880,1892,1890,2178,141,122,1884,4168,4159,3972,4236,4652,4930,599,306,4134,941,949,942,981,1155,1060,185,72,953,272,252,250,275,306,342,36,42,262,603,624,623,660,720,884,63,111,628,1118,1067,1060,1047,1817,1786,467,451,1073,651,683,717,729,709,824,18,22,695,588,601,562,636,725,938,139,227,597
50,2211,2155,2133,2295,2862,2703,546,270,2198,2797,2679,2669,2771,3618,3279,773,380,2729,667,728,632,709,943,808,214,38,684,642,622,598,597,855,862,165,138,615,157,162,141,168,167,163,19,12,157,18885,18504,17943,19101,24003,22525,4354,2284,18608,365,360,362,371,393,314,66,20,364,1342,1274,1293,1389,1692,1511,368,75,1324,420,447,447,452,466,528,23,45,442,1852,1903,1768,1941,2166,2097,201,99,1866,4197,4061,3821,4185,4870,4709,726,325,4066,936,933,877,936,1229,1117,238,83,920,279,247,236,253,311,305,45,31,254,629,671,645,662,798,889,116,120,652,1158,1061,1091,1077,2100,1628,646,426,1097,634,657,651,712,747,725,37,15,664,599,544,579,583,786,887,171,207,576
51,2339,2140,2152,2255,2910,,609,222,2222,2881,2569,2756,2793,3621,,914,291,2750,699,663,706,660,1021,,220,30,682,635,590,694,686,976,,251,122,651,172,141,155,126,162,,16,19,148,19376,18500,18990,19062,24724,21894,5281,1869,18982,361,366,374,318,433,,93,20,355,1300,1237,1422,1339,1840,,447,64,1324,430,431,445,431,449,,26,32,434,2020,1878,1830,1912,2073,,218,76,1910,4252,4265,4209,4097,4982,,924,273,4206,912,916,960,971,1163,,236,79,940,256,253,255,274,310,,52,28,260,680,662,662,681,850,,144,106,671,1137,1101,1046,1211,2385,,869,316,1124,684,733,728,716,733,,52,23,715,618,555,596,592,816,,210,168,590
52,2264,2219,2171,2224,2950,,627,176,2220,3060,2643,2541,2650,3817,,956,194,2724,780,665,659,704,1030,,253,26,702,637,658,631,632,1070,,272,91,640,163,154,141,135,160,,16,9,148,19744,18652,17954,18204,25554,21358,5890,1356,18638,381,335,363,327,404,,84,24,352,1391,1361,1289,1294,1867,,515,43,1334,413,407,406,416,508,,41,30,410,1942,1871,1780,1795,2171,,273,65,1847,4253,4121,3949,3896,5006,,1052,173,4055,997,945,923,912,1248,,266,46,944,284,264,248,254,292,,53,18,262,661,677,591,614,947,,226,86,636,1219,1108,1052,1123,2438,,899,242,1126,696,687,669,687,746,,84,15,685,603,537,541,541,900,,273,118,556
53,,,,,2779,,581,,,,,,,3721,,913,,,,,,,1031,,254,,,,,,,1111,,313,,,,,,,160,,24,,,,,,,25497,,5859,,,,,,,450,,104,,,,,,,1861,,510,,,,,,,452,,44,,,,,,,2155,,271,,,,,,,5105,,1085,,,,,,,1233,,239,,,,,,,317,,61,,,,,,,1003,,258,,,,,,,2361,,790,,,,,,,805,,103,,,,,,,953,,309,,
